0,0.2365433,1.708203,-0.1328127,0.34132,0.7293946,0.4804848,-0.3473017,
0.02,0.237082,1.70799,-0.1338038,0.341565,0.7301288,0.4801198,-0.3460207,
0.04,0.241199,1.702183,-0.1527129,0.3464568,0.7438809,0.4668254,-0.3296711,
0.3396461,0.2418245,1.701236,-0.1555022,0.3477283,0.7456291,0.4645532,-0.3275861,
0.3735778,0.2429271,1.700511,-0.157878,0.348708,0.7471614,0.4631535,-0.3250253,
0.406115,0.2434406,1.700194,-0.1589158,0.3488132,0.7479801,0.4627039,-0.3236669,
0.4394136,0.2443348,1.699642,-0.1606985,0.3479794,0.7498556,0.4623652,-0.3206952,
0.472934,0.2449494,1.699535,-0.1612309,0.3477884,0.7503878,0.4625378,-0.3194062,
0.5059853,0.2462285,1.699324,-0.1622942,0.3477265,0.7513016,0.4627808,-0.3169639,
0.5390499,0.246642,1.698933,-0.1634271,0.3465713,0.7527764,0.4626648,-0.3148928,
0.5722836,0.2466176,1.698763,-0.1638328,0.3461883,0.7532892,0.4624593,-0.3143893,
0.6055164,0.2461122,1.6984,-0.1645084,0.3452973,0.7542582,0.4618207,-0.3139843,
0.6396076,0.2446765,1.698118,-0.1645959,0.3435138,0.7551445,0.4612533,-0.3146435,
0.6719814,0.2436419,1.698046,-0.1643301,0.3423547,0.7554508,0.461071,-0.3154375,
0.7052145,0.241656,1.698158,-0.1631918,0.3402778,0.7554474,0.4611909,-0.3175112,
0.7392274,0.2396718,1.698584,-0.1612392,0.3370496,0.7552791,0.4624819,-0.3194708,
0.7716823,0.2385912,1.698869,-0.1600226,0.3351416,0.7551214,0.4633755,-0.3205543,
0.8049352,0.2367655,1.699498,-0.1575448,0.3328267,0.7540938,0.4648465,-0.3232441,
0.839003,0.2357574,1.699838,-0.1561647,0.3311308,0.7536964,0.4658415,-0.3244777,
0.8713816,0.2332268,1.700332,-0.1535572,0.3267359,0.7534521,0.4676725,-0.326858,
0.9049749,0.2297795,1.700571,-0.1510161,0.3225286,0.753157,0.4685334,-0.3304637,
0.9382747,0.225747,1.700604,-0.1485425,0.3185399,0.7528017,0.4686852,-0.3348972,
0.9710827,0.2235068,1.700508,-0.1474117,0.3162864,0.7528131,0.4685702,-0.3371606,
1.004315,0.217514,1.699949,-0.1449996,0.3086061,0.7539972,0.4684633,-0.3417495,
1.037548,0.2141138,1.69959,-0.1436039,0.3054366,0.7541308,0.4678602,-0.3451117,
1.070782,0.206891,1.698914,-0.140032,0.2992508,0.7536504,0.4667285,-0.3530219,
1.104108,0.2031423,1.698538,-0.1380437,0.2957819,0.7533709,0.4663173,-0.3570623,
1.137248,0.1926138,1.697972,-0.1301111,0.2845509,0.7511123,0.4675378,-0.3691472,
1.170482,0.1897769,1.698065,-0.1269196,0.2808902,0.7498335,0.4689435,-0.3727501,
1.204183,0.1854407,1.698663,-0.1201583,0.2740539,0.7467211,0.4730943,-0.3787926,
1.23715,0.1829969,1.699741,-0.1133725,0.2686781,0.7429857,0.4783965,-0.3833029,
1.270212,0.182579,1.70042,-0.1102908,0.2666715,0.7411139,0.4812785,-0.3847175,
1.303427,0.1828075,1.70185,-0.1049735,0.2633704,0.7378027,0.487128,-0.3859916,
1.336648,0.1831585,1.702524,-0.102693,0.2618487,0.7364113,0.489944,-0.38612,
1.369882,0.18467,1.703799,-0.09942627,0.2614217,0.7337857,0.4940937,-0.38612,
1.403116,0.1858831,1.704711,-0.09717804,0.259771,0.7324558,0.4978275,-0.3849614,
1.436348,0.1855149,1.705,-0.09532154,0.2577593,0.7315819,0.499826,-0.3853857,
1.470333,0.184886,1.705039,-0.09418803,0.2561747,0.73117,0.500814,-0.3859408,
1.502815,0.1829279,1.704739,-0.09253183,0.2534922,0.730689,0.5013682,-0.3878984,
1.536258,0.1801663,1.704212,-0.09055063,0.2509237,0.7298805,0.5012357,-0.3912476,
1.569282,0.1788063,1.703976,-0.08940402,0.2501914,0.7291497,0.5009927,-0.3933845,
1.602705,0.1763184,1.703601,-0.08690238,0.2478139,0.7278161,0.5013655,-0.3968685,
1.635748,0.1737947,1.703189,-0.08435047,0.2449452,0.7265947,0.5019754,-0.4001034,
1.669176,0.1727264,1.703032,-0.08311731,0.2441513,0.7258008,0.5020971,-0.401873,
1.702306,0.1706766,1.702644,-0.08112073,0.2429218,0.7244928,0.5018959,-0.4052155,
1.735516,0.1698675,1.70251,-0.08019444,0.2428651,0.7237124,0.5016608,-0.4069317,
1.769125,0.1684811,1.702313,-0.07835895,0.2423164,0.7223098,0.5016615,-0.4097403,
1.802415,0.1675593,1.702267,-0.07659435,0.2423704,0.7207631,0.5017693,-0.412292,
1.835402,0.167322,1.702311,-0.07580024,0.2424929,0.720033,0.5019541,-0.4132696,
1.868501,0.1673237,1.702511,-0.07459608,0.2435329,0.7186354,0.5021413,-0.4148604,
1.901616,0.1679469,1.702808,-0.07422805,0.2452461,0.7177321,0.5020889,-0.4154778,
1.935378,0.1687755,1.703049,-0.07466704,0.2481712,0.7171087,0.5010423,-0.4160805,
1.968085,0.169154,1.703121,-0.07509071,0.2498865,0.7168822,0.5002001,-0.4164571,
2.001524,0.1693365,1.703093,-0.0756737,0.2540994,0.7159089,0.4975778,-0.4187175,
2.034599,0.1691164,1.703023,-0.07559955,0.2558618,0.7152162,0.4963421,-0.4202918,
2.067783,0.1671195,1.702524,-0.07404101,0.2556195,0.7139397,0.4951861,-0.423957,
2.101016,0.1634343,1.7017,-0.07022497,0.2533144,0.7114162,0.4946647,-0.430146,
2.134248,0.1612909,1.701236,-0.0676541,0.2514756,0.7098082,0.4948332,-0.4336734,
2.168239,0.156874,1.700129,-0.06275746,0.2474368,0.7069101,0.4949957,-0.4404912,
2.201613,0.153669,1.699333,-0.05851933,-0.2432348,-0.7046176,-0.4962353,0.4450859,
2.233948,0.1520119,1.698919,-0.0560846,-0.2399408,-0.7035866,-0.497705,0.4468602,
2.267182,0.1518592,1.698918,-0.05551907,-0.2392057,-0.7033346,-0.4983098,0.4469772,
2.30097,0.1531948,1.699403,-0.0562391,-0.2396896,-0.7038095,-0.4992159,0.4449547,
2.333649,0.1542721,1.699712,-0.05747786,-0.2402377,-0.704722,-0.4994579,0.4429384,
2.367123,0.1568179,1.700335,-0.0609962,0.242686,0.7069998,0.4989222,-0.438556,
2.400262,0.1594957,1.700778,-0.06582448,0.2460394,0.7101023,0.4971447,-0.4336665,
2.433634,0.1609999,1.701026,-0.06829143,0.248365,0.7114627,0.4959974,-0.4314189,
2.467139,0.1639397,1.701434,-0.07318422,0.2520854,0.7144461,0.4941611,-0.426409,
2.499946,0.1667095,1.701737,-0.07779413,0.2545226,0.7176077,0.492993,-0.4209695,
2.533052,0.1687107,1.701821,-0.08159992,0.2555639,0.7205463,0.4922053,-0.4162141,
2.566285,0.1692709,1.701713,-0.08331704,0.2559891,0.7218836,0.4914691,-0.4145018,
2.600229,0.1693165,1.701102,-0.08658004,0.2558107,0.7247661,0.4894644,-0.4119461,
2.632749,0.1687094,1.7006,-0.08795053,0.2550701,0.7262076,0.4882888,-0.4112614,
2.665982,0.166451,1.699256,-0.09029084,0.2533015,0.728836,0.4851785,-0.4113858,
2.699215,0.1631848,1.697661,-0.09178853,0.2502544,0.7311692,0.4821969,-0.4126143,
2.732448,0.1613222,1.696823,-0.09222195,0.2481723,0.7322485,0.4809634,-0.4133966,
2.765682,0.1572486,1.695161,-0.09218991,0.2438456,0.7336734,0.4787798,-0.4159719,
2.799779,0.1537797,1.693832,-0.09156567,0.2397448,0.7344927,0.4775362,-0.4183325,
2.832542,0.1521112,1.693225,-0.09104955,0.2371335,0.7349011,0.4774416,-0.4192108,
2.865383,0.1494911,1.692323,-0.0899069,0.233164,0.7351994,0.477437,-0.4209161,
2.898615,0.1475532,1.691676,-0.08889085,0.2296815,0.7354318,0.4778567,-0.4219472,
2.931849,0.1469954,1.691514,-0.08846813,0.2282822,0.7355083,0.4782941,-0.4220779,
2.965192,0.145893,1.691187,-0.08764279,0.2254135,0.7356917,0.4792098,-0.4222612,
2.998316,0.1448705,1.690923,-0.08666039,0.222908,0.7356205,0.4801186,-0.4226827,
3.03224,0.14443,1.690798,-0.08628917,0.2219986,0.7355801,0.4803763,-0.4229387,
3.064966,0.1435841,1.690588,-0.08540332,0.2193107,0.7356337,0.4815312,-0.4229344,
3.098077,0.1431027,1.69054,-0.08452833,0.217475,0.7354352,0.4826199,-0.4229867,
3.132253,0.1430664,1.690644,-0.08391142,0.2165567,0.7351819,0.4835295,-0.4228593,
3.165326,0.1430798,1.690818,-0.08304536,0.2148503,0.7349463,0.485122,-0.422315,
3.197716,0.1431779,1.690939,-0.08265376,0.2143599,0.7347565,0.4857889,-0.422128,
3.231166,0.1435823,1.691209,-0.08221418,0.2132629,0.7347018,0.487197,-0.4211549,
3.26429,0.1443899,1.691509,-0.08257735,0.2128936,0.7351177,0.488105,-0.4195615,
3.297416,0.1451986,1.691787,-0.08304894,0.2130155,0.7354832,0.4886536,-0.4182183,
3.33065,0.1483208,1.692776,-0.08515918,0.2149696,0.7367069,0.4896933,-0.4138255,
3.363882,0.153578,1.694126,-0.08977371,0.2190641,0.7394106,0.4901328,-0.4062667,
3.397116,0.1612971,1.695749,-0.09701425,0.2264439,0.7432973,0.4894483,-0.395819,
3.430385,0.1656709,1.696368,-0.1017857,0.2309027,0.7459331,0.488296,-0.38966,
3.463584,0.1755849,1.697173,-0.1132184,0.2425441,0.7517948,0.4840905,-0.3763423,
3.497659,0.1810991,1.697221,-0.1200152,0.2498876,0.7550332,0.4807919,-0.3692157,
3.530051,0.1920827,1.696028,-0.1355482,0.2644674,0.7628841,0.4722323,-0.3536403,
3.563284,0.2026492,1.693197,-0.1524175,0.2779562,0.7718564,0.4619786,-0.3369776,
3.596916,0.2082654,1.691043,-0.161844,0.2862595,0.7764409,0.4553297,-0.3284355,
3.629761,0.2224893,1.686118,-0.1813196,0.3081688,0.7836973,0.4413485,-0.3099388,
3.663277,0.2357753,1.678397,-0.2023727,0.327532,0.7925835,0.4250713,-0.2895661,
3.696555,0.2482603,1.66941,-0.2219897,0.3497398,0.7985419,0.4074803,-0.2719791,
3.729697,0.2529336,1.665343,-0.2296756,0.3595164,0.8002139,0.3998017,-0.2656393,
3.762986,0.2546948,1.659031,-0.2395273,0.3642147,0.8057647,0.3889351,-0.2584966,
3.795915,0.251181,1.657711,-0.2405706,0.3604319,0.808271,0.3861902,-0.2600848,
3.829858,0.2369768,1.65786,-0.2363093,0.3466327,0.811007,0.3838045,-0.2735097,
3.862381,0.2270438,1.657844,-0.2329126,0.3355892,0.8130317,0.382833,-0.2824858,
3.895794,0.2080665,1.658003,-0.2246809,0.3159945,0.8145542,0.3817937,-0.3014674,
3.929781,0.2002223,1.655829,-0.2241553,0.3100131,0.8164472,0.3772162,-0.308243,
3.962084,0.2095806,1.652324,-0.2338763,0.3205726,0.819804,0.3714173,-0.2953028,
3.995317,0.2193449,1.648794,-0.2429421,0.3270991,0.8241261,0.3676889,-0.2804055,
4.028913,0.2430767,1.641403,-0.2603177,0.3542584,0.8260739,0.3585919,-0.2520215,
4.062086,0.2619575,1.63443,-0.2728822,0.3847749,0.8219191,0.3491295,-0.2334651,
4.095018,0.2666089,1.631662,-0.2768458,0.3947252,0.820213,0.3449191,-0.2290712,
4.128251,0.264349,1.629491,-0.2789299,0.3986331,0.819911,0.3394272,-0.2315747,
4.161485,0.2502874,1.632797,-0.2724398,0.3852069,0.8213801,0.3402224,-0.2473845,
4.194718,0.2420089,1.635657,-0.2670687,0.3762891,0.821427,0.342658,-0.2573903,
4.227952,0.2264101,1.639292,-0.2579837,0.3573714,0.8229613,0.3461407,-0.2742391,
4.261371,0.2164966,1.641161,-0.2520421,0.3475449,0.8226573,0.3474838,-0.2858365,
4.294419,0.2143674,1.641934,-0.2502051,0.3473483,0.8213437,0.3477145,-0.2895485,
4.327652,0.214706,1.642301,-0.2498585,0.3529722,0.8186781,0.3464413,-0.2918139,
4.360885,0.2176969,1.641985,-0.2514308,0.358705,0.8173857,0.3453991,-0.2896739,
4.394118,0.2219842,1.639913,-0.2556721,0.3611569,0.819546,0.3435782,-0.2826021,
4.427522,0.2252443,1.63786,-0.2593814,0.3609132,0.8224769,0.3422359,-0.2759494,
4.460585,0.2356162,1.63339,-0.2680208,0.364022,0.8276557,0.3398516,-0.258795,
4.493819,0.2421737,1.630605,-0.2730332,0.3688441,0.8293042,0.3376544,-0.2493955,
4.527471,0.2585987,1.622418,-0.2856556,0.389185,0.8295206,0.3288173,-0.2287133,
4.560286,0.2753164,1.612523,-0.2982506,0.4127425,0.8276212,0.3183769,-0.2081414,
4.593591,0.2882552,1.601828,-0.3095365,0.4336834,0.8254328,0.3067218,-0.1910526,
4.62675,0.2928462,1.596303,-0.314736,0.4411263,0.8254256,0.3006154,-0.1836043,
4.659983,0.296981,1.588652,-0.3214422,0.4424021,0.8298091,0.2929815,-0.172798,
4.693216,0.2947658,1.590276,-0.3199966,0.4391749,0.8304343,0.2943906,-0.1756089,
4.72645,0.2925091,1.591941,-0.3184824,0.4399539,0.8288809,0.2949913,-0.1799367,
4.759806,0.2884558,1.593788,-0.3166674,0.4392197,0.8279011,0.2950511,-0.1860397,
4.792919,0.2864806,1.594491,-0.3159262,0.4357391,0.8291798,0.2955384,-0.187748,
4.826151,0.2833738,1.596142,-0.3142495,0.4304948,0.830654,0.2970066,-0.1909851,
4.859386,0.2821021,1.597534,-0.3129167,0.4316466,0.8290519,0.2977946,-0.1940944,
4.892618,0.2821663,1.597781,-0.3127032,0.4321397,0.828634,0.2980421,-0.1944018,
4.926211,0.2831322,1.598131,-0.3124744,0.4298185,0.829668,0.2996278,-0.192692,
4.959418,0.2840547,1.599305,-0.3115033,0.4275151,0.8301264,0.3022637,-0.1917226,
4.992317,0.2850901,1.600244,-0.3107415,0.4292757,0.828643,0.3037218,-0.1919014,
5.025551,0.2857261,1.600352,-0.3106931,0.429455,0.8285136,0.3042074,-0.1912893,
5.058784,0.2869802,1.600552,-0.3106045,0.4278037,0.8293007,0.3056089,-0.1893347,
5.092017,0.2876658,1.600982,-0.3102641,0.4272652,0.8293217,0.3067153,-0.1886681,
5.12525,0.2889959,1.602518,-0.3089555,0.4269454,0.8284998,0.3096345,-0.1882344,
5.158484,0.2906407,1.605255,-0.3065335,0.4264129,0.8269455,0.3144078,-0.1883639,
5.191719,0.2912427,1.607561,-0.3044057,0.4255546,0.8257787,0.3180673,-0.1892778,
5.225395,0.292588,1.613051,-0.2991912,0.4264074,0.8213804,0.3261228,-0.1927562,
5.258586,0.2914553,1.621504,-0.2905718,0.4245706,0.815754,0.3374713,-0.2009935,
5.292076,0.2895081,1.626445,-0.285198,0.4221827,0.812871,0.343752,-0.2069714,
5.325359,0.2823799,1.636368,-0.2734448,0.4152819,0.8073704,0.3552846,-0.2224114,
5.358453,0.2709263,1.646628,-0.259485,0.4018569,0.8033475,0.3672497,-0.2413949,
5.391119,0.263631,1.651488,-0.2519012,0.3939879,0.8013426,0.3726863,-0.2524452,
5.425204,0.2466712,1.66046,-0.2353795,0.3778921,0.7961921,0.3822869,-0.2777272,
5.457585,0.227627,1.667352,-0.2183255,0.3584203,0.7917965,0.3904047,-0.3036074,
5.491404,0.2184195,1.670172,-0.2096793,0.3491206,0.7891223,0.3941644,-0.3162837,
5.524125,0.2024561,1.67464,-0.1932834,0.3319219,0.7835382,0.4016268,-0.338514,
5.557493,0.1908053,1.678305,-0.1784076,0.3164787,0.7780429,0.410293,-0.3551763,
5.590572,0.1832885,1.681799,-0.1649502,0.3060377,0.7713811,0.4190776,-0.3683561,
5.624655,0.1813805,1.683528,-0.1592508,0.3028585,0.7680106,0.4234037,-0.3730494,
5.656985,0.1795037,1.686495,-0.1501236,0.2965767,0.7630182,0.4320169,-0.3784268,
5.691087,0.1794532,1.687743,-0.1467898,0.2945095,0.7610856,0.4356909,-0.3797188,
5.723451,0.1794698,1.689533,-0.1419236,0.2900437,0.7588011,0.4418405,-0.3806212,
5.756684,0.1796379,1.690613,-0.1390439,0.2886372,0.7569633,0.4450105,-0.3816554,
5.790181,0.179688,1.690955,-0.1381145,0.2884655,0.7562611,0.4458828,-0.3821589,
5.823151,0.1789596,1.690845,-0.1376755,0.2872915,0.7563452,0.4460435,-0.3826891,
5.85698,0.1766603,1.690809,-0.1353365,0.2860152,0.7548946,0.4460519,-0.3864806,
5.889618,0.1751217,1.690823,-0.1336081,0.2852312,0.7537594,0.4461274,-0.389179,
5.922852,0.1694037,1.690422,-0.1281963,0.2784548,0.7518033,0.4475297,-0.3961968,
5.956545,0.159572,1.688976,-0.1200658,0.2649671,0.7499164,0.4497913,-0.4063318,
5.989634,0.1525892,1.687718,-0.1141146,0.2544743,0.7485894,0.4518759,-0.4131161,
6.022618,0.1368931,1.684255,-0.09968889,0.2335969,0.7433327,0.4552895,-0.4308136,
6.055942,0.116493,1.67754,-0.08195192,-0.2034918,-0.7372456,-0.4595349,0.4515393,
6.089021,0.104769,1.672718,-0.07135072,-0.1875722,-0.7324651,-0.4607204,0.46481,
6.122283,0.08015995,1.660027,-0.04779336,-0.1501493,-0.7209001,-0.4646085,0.4918306,
6.155486,0.05429763,1.642148,-0.02191401,-0.1049221,-0.7063171,-0.470044,0.5188122,
6.18872,0.04075417,1.630568,-0.008255931,-0.07983496,-0.697457,-0.4722956,0.5330263,
6.222236,0.01461995,1.602806,0.01965749,-0.03253264,-0.6759214,-0.4717534,0.5652616,
6.255237,-0.008889973,1.568808,0.04904926,0.01116998,-0.6488942,-0.4646207,0.6024444,
6.288661,-0.01853985,1.550485,0.06392351,0.0344252,-0.6335697,-0.4627256,0.6191038,
6.321686,-0.0330815,1.511889,0.09399152,0.07873665,-0.5990085,-0.4589306,0.6514385,
6.355033,-0.037916,1.491699,0.1091123,0.09979462,-0.579785,-0.4569798,0.6671281,
6.388118,-0.04113179,1.471313,0.1237554,0.1203021,-0.5597617,-0.4553901,0.6817728,
6.421353,-0.04261097,1.412909,0.1611755,0.1712061,-0.5017162,-0.445319,0.721568,
6.454586,-0.03900963,1.379984,0.179331,0.1980634,-0.4680888,-0.4389744,0.7409219,
6.487819,-0.0365878,1.367325,0.1862025,0.2091714,-0.4538659,-0.4387288,0.7468401,
6.521053,-0.03461137,1.354876,0.1912776,0.2267434,-0.4381671,-0.4481768,0.7454761,
6.55467,-0.0348132,1.346438,0.1916661,0.2410913,-0.4298748,-0.4550216,0.7416455,
6.587734,-0.03440028,1.341816,0.1926018,0.244506,-0.426573,-0.4523299,0.7440766,
6.620753,-0.03446501,1.335027,0.1926727,0.2581781,-0.4183338,-0.4617298,0.7383404,
6.653985,-0.03447419,1.332289,0.1926663,0.264893,-0.4141242,-0.4677131,0.7345593,
6.687573,-0.03438574,1.329701,0.1927877,0.2699635,-0.4106521,-0.4713832,0.7323132,
6.720809,-0.03434306,1.325316,0.1927419,0.280097,-0.4038792,-0.4801139,0.7265796,
6.753977,-0.03478271,1.323535,0.191938,0.2880881,-0.3994781,-0.4893835,0.719671,
6.787452,-0.0356378,1.319266,0.1902656,0.2970569,-0.3955062,-0.4937724,0.7152069,
6.820152,-0.03573403,1.321536,0.1902438,0.2957151,-0.396545,-0.4960323,0.7136223,
6.853694,-0.03641066,1.315007,0.1886266,0.3046901,-0.3922763,-0.4959148,0.7122863,
6.886618,-0.03597045,1.322643,0.1899046,0.2974866,-0.3957537,-0.5009178,0.7099029,
6.919851,-0.0352625,1.337621,0.1913035,0.2824163,-0.4044894,-0.5075192,0.7064373,
6.953085,-0.03487611,1.344378,0.1916855,0.2759936,-0.4083143,-0.5109116,0.7043269,
6.986561,-0.03338361,1.357757,0.1929887,0.2651932,-0.4134449,-0.5220858,0.6972534,
7.019748,-0.03398573,1.348236,0.1929145,0.2724572,-0.4088079,-0.5148245,0.7025659,
7.052788,-0.03377897,1.348509,0.1932357,0.2711731,-0.4091705,-0.5137213,0.7036583,
7.086198,-0.0337882,1.343474,0.1935359,0.2729475,-0.407529,-0.5068936,0.7088574,
7.119452,-0.03294331,1.351794,0.1943374,0.2658759,-0.4109602,-0.5132577,0.7049739,
7.152531,-0.03315058,1.343589,0.1945765,0.2702668,-0.4077195,-0.5042172,0.7116781,
7.185772,-0.03288823,1.334334,0.1952688,0.2766227,-0.4023604,-0.4972129,0.7171926,
7.219077,-0.03243226,1.338382,0.195945,0.2771594,-0.4009381,-0.5078102,0.7103239,
7.25219,-0.03221598,1.339885,0.1962515,0.2771642,-0.4004568,-0.5114812,0.7079558,
7.286215,-0.03198153,1.332152,0.1967412,0.2817366,-0.396482,-0.5043305,0.7134966,
7.318657,-0.03151068,1.324474,0.1973287,0.2830126,-0.3946429,-0.4914421,0.7229424,
7.351891,-0.03156096,1.326218,0.1973111,0.28242,-0.3950949,-0.4940366,0.7211566,
7.385999,-0.03116208,1.319729,0.1976435,0.2849178,-0.392769,-0.4853612,0.7273093,
7.419105,-0.03114524,1.322611,0.1978315,0.2846736,-0.3926468,-0.4914038,0.7234029,
7.451589,-0.03096694,1.322434,0.198108,0.2833911,-0.3931342,-0.4891442,0.725171,
7.484825,-0.03085026,1.321835,0.1982637,0.2835678,-0.3927591,-0.4884617,0.725765,
7.518061,-0.03090093,1.321539,0.198167,0.2855299,-0.3914895,-0.4912846,0.7237735,
7.551288,-0.03076944,1.31917,0.1982358,0.2863144,-0.390806,-0.4877903,0.7261924,
7.584523,-0.03077215,1.317838,0.1981404,0.2860827,-0.3911282,-0.4843324,0.7284213,
7.617754,-0.03088221,1.31784,0.1979648,0.2856468,-0.3917269,-0.4832193,0.7290097,
7.65137,-0.0313428,1.322659,0.1975172,0.2864463,-0.3918571,-0.494216,0.7212123,
7.684219,-0.03111544,1.31924,0.197687,0.2853386,-0.3923941,-0.4851672,0.7274762,
7.718068,-0.03131816,1.322965,0.1975715,0.2823579,-0.3947273,-0.4874427,0.725854,
7.750686,-0.03146279,1.322327,0.1973081,0.28278,-0.3948422,-0.4863963,0.726329,
7.784136,-0.0314205,1.322059,0.1973623,0.2828375,-0.3947151,-0.4860239,0.7266248,
7.817168,-0.03140888,1.321692,0.1973617,0.2832645,-0.3944097,-0.4860237,0.7266245,
7.850386,-0.03159112,1.32151,0.1970589,0.2844296,-0.394051,-0.4872535,0.7255396,
7.883978,-0.03129935,1.323789,0.1976391,0.2833969,-0.3938747,-0.4912295,0.7233551,
7.916856,-0.03115815,1.322421,0.1978014,0.2837073,-0.3933935,-0.4891631,0.724894,
7.950144,-0.03140405,1.328192,0.1976171,0.283206,-0.3940469,-0.5001882,0.7171702,
7.98345,-0.03131333,1.327392,0.1977428,0.2835151,-0.3936251,-0.4992794,0.7179126,
8.016558,-0.03129929,1.325634,0.1977115,0.2846083,-0.3928852,-0.4975,0.7191197,
8.04979,-0.03111547,1.318473,0.1976357,0.2890092,-0.3897808,-0.4902474,0.7240181,
8.083023,-0.03157273,1.316319,0.1967419,0.2919301,-0.3890366,-0.4895002,0.7237521,
8.116639,-0.03154173,1.316365,0.1967953,0.2915666,-0.3892233,-0.4890164,0.724125,
8.149725,-0.03153852,1.316406,0.1968039,0.2914525,-0.389295,-0.4889077,0.7242059,
8.18282,-0.03149897,1.316154,0.1968476,0.2912037,-0.389411,-0.4879844,0.724866,
8.215953,-0.03149897,1.316154,0.1968476,0.2912037,-0.389411,-0.4879844,0.724866,
8.249219,-0.03148308,1.316124,0.1968707,0.29101,-0.3895187,-0.4876003,0.7251444,
8.282421,-0.03140607,1.316062,0.1969897,0.2907225,-0.3895424,-0.4871418,0.7255549,
8.315917,-0.0314194,1.316106,0.1969718,0.290707,-0.3895828,-0.4871768,0.725516,
8.348997,-0.03137317,1.316018,0.1970391,0.2906454,-0.3895208,-0.4869926,0.7256976,
8.38212,-0.03129351,1.31613,0.1971761,0.2901676,-0.3896571,-0.4865831,0.7260903,
8.415969,-0.03130522,1.316095,0.1971545,0.2902235,-0.3896502,-0.4865745,0.7260774,
8.448587,-0.03120562,1.316136,0.1973177,0.2902834,-0.3893436,-0.487061,0.7258918,
8.481839,-0.03144199,1.318644,0.1971233,0.2890616,-0.3905627,-0.4898056,0.7238747,
8.515057,-0.03186536,1.315542,0.1962064,0.2933961,-0.3887939,-0.4896241,0.7232055,
8.548287,-0.03132528,1.320247,0.1974136,0.2891808,-0.3900095,-0.4939511,0.7213039,
8.58152,-0.03209198,1.316147,0.1958891,0.2959057,-0.3873997,-0.4950073,0.7192559,
8.614753,-0.03207672,1.315981,0.1959004,0.2970017,-0.3865417,-0.4967118,0.7180898,
8.648504,-0.03207466,1.315553,0.1958687,0.2975486,-0.3861723,-0.4967688,0.7180228,
8.68122,-0.0320805,1.31528,0.1958363,0.2977861,-0.3860416,-0.4965746,0.7181289,
8.714722,-0.0322414,1.315154,0.1955646,0.2993754,-0.3852513,-0.498776,0.7163647,
8.747917,-0.03221333,1.315045,0.1956009,0.2990679,-0.3854313,-0.4980396,0.7169085,
8.780919,-0.03247994,1.315675,0.1952206,0.2997558,-0.3855136,-0.4999591,0.7152388,
8.814577,-0.03238386,1.315834,0.19539,0.2995001,-0.3854377,-0.500123,0.7152723,
8.847724,-0.03239736,1.316079,0.195388,0.2992606,-0.3856268,-0.5001919,0.7152225,
8.880937,-0.03251871,1.316167,0.1951977,0.299021,-0.3861209,-0.499589,0.7154773,
8.913997,-0.03238469,1.316233,0.195421,0.2980958,-0.3864747,-0.4984132,0.7164919,
8.948258,-0.03245208,1.316816,0.1953572,0.2973611,-0.3871431,-0.4981653,0.7166086,
8.980322,-0.03255212,1.316998,0.1952085,0.2969427,-0.387704,-0.4975087,0.716935,
9.013555,-0.0324212,1.316591,0.19539,0.2966385,-0.3876443,-0.4964118,0.717853,
9.0474,-0.03227609,1.316159,0.1955915,0.2962122,-0.3876455,-0.4950705,0.7189538,
9.080022,-0.03206515,1.315959,0.1959174,0.2947378,-0.3882433,-0.492491,0.7210058,
9.113256,-0.03169858,1.314543,0.1963906,0.2940623,-0.3879937,-0.4890661,0.7237421,
9.146488,-0.03182596,1.314034,0.1961395,0.2944989,-0.388067,-0.4883493,0.7240093,
9.179721,-0.03232971,1.314133,0.1953317,0.2932204,-0.3903297,-0.4847535,0.7257262,
9.213243,-0.03297204,1.314954,0.1943565,0.2918756,-0.3928906,-0.4823087,0.7265149,
9.246188,-0.0347172,1.31744,0.1916765,0.290412,-0.3982026,-0.4802969,0.7255415,
9.279512,-0.03564033,1.318149,0.1901832,0.2907763,-0.4002751,-0.4799273,0.7244991,
9.312655,-0.03759161,1.322793,0.1871524,0.2905308,-0.405156,-0.4841366,0.7190635,
9.346227,-0.03701991,1.323644,0.1881726,0.2828423,-0.4090042,-0.473947,0.7266981,
9.379485,-0.03765231,1.326079,0.187188,0.2816728,-0.4113094,-0.4753953,0.724903,
9.412588,-0.03882584,1.327366,0.1851987,0.2791715,-0.4160107,-0.4705145,0.7263708,
9.445587,-0.03932649,1.328428,0.1843518,0.277659,-0.418289,-0.468767,0.7267718,
9.479001,-0.04081455,1.331343,0.1817695,0.2724024,-0.425541,-0.4617962,0.7290103,
9.51234,-0.04228753,1.332974,0.1791286,0.2674583,-0.4324988,-0.4528237,0.7323671,
9.546263,-0.04306498,1.334113,0.1777085,0.2674017,-0.434581,-0.4530142,0.7310362,
9.578671,-0.04529861,1.330688,0.1735494,0.2690463,-0.4395195,-0.4426324,0.7338347,
9.612265,-0.0463627,1.324253,0.1713391,0.2651353,-0.4450049,-0.4195535,0.7454185,
9.644986,-0.04628554,1.318098,0.1710937,0.2622779,-0.4470382,-0.4013823,0.7551552,
9.678607,-0.04644158,1.317459,0.1707422,0.2666108,-0.4449618,-0.4068745,0.7519181,
9.711557,-0.04724431,1.319029,0.1693202,0.2744172,-0.4422047,-0.4213915,0.7426841,
9.744686,-0.04749441,1.318586,0.1688003,0.2791813,-0.4399516,-0.4277443,0.7386035,
9.77792,-0.04766297,1.318398,0.1684572,0.2825334,-0.438296,-0.4324977,0.7355388,
9.811478,-0.04771423,1.317211,0.1682584,0.2848534,-0.4370762,-0.4336582,0.734686,
9.844386,-0.0477539,1.316184,0.168089,0.287429,-0.4356298,-0.4356299,0.7333743,
9.877662,-0.04773527,1.315564,0.1680671,0.2890666,-0.4345764,-0.4370789,0.732493,
9.910852,-0.04770392,1.314691,0.1680426,0.291025,-0.4333026,-0.4385518,0.7315911,
9.944085,-0.04760522,1.314494,0.1682155,0.2924821,-0.4320704,-0.4408595,0.7303509,
9.977798,-0.04758847,1.31417,0.168215,0.2930991,-0.4316529,-0.4412356,0.7301232,
10.01055,-0.04751712,1.313922,0.1683283,0.2937656,-0.4310352,-0.4420217,0.7297447,
10.04379,-0.047407,1.313865,0.1685369,0.2935849,-0.4308558,-0.4419034,0.729995,
10.07722,-0.0472858,1.313371,0.1687203,0.2947347,-0.4298035,-0.4431091,0.7294209,
10.11025,-0.04728937,1.312811,0.1686524,0.2962723,-0.4288441,-0.4444695,0.7285345,
10.14363,-0.04720426,1.31256,0.16879,0.2970575,-0.4280998,-0.4454947,0.728026,
10.17672,-0.04721269,1.312287,0.1687429,0.2982145,-0.4273635,-0.4468335,0.7271647,
10.21057,-0.04715183,1.312114,0.1688413,0.2983435,-0.4271294,-0.446844,0.7272429,
10.24354,-0.04714137,1.311921,0.1688395,0.299246,-0.4265002,-0.4479839,0.7265396,
10.27642,-0.0470376,1.311862,0.1690342,0.2990057,-0.4263835,-0.4477455,0.726854,
10.30973,0.308,1.311871,0.3854416,0.0264204,8.691384E-09,4.629386E-10,0.999651,
10.34289,0.3087544,1.311717,0.3854327,0.02661396,0.0009123966,0.001160488,0.9996447,
10.37612,0.3088902,1.311502,0.3854209,0.02688175,0.001109369,0.0001422215,0.999638,
10.40958,0.3091646,1.309618,0.3853143,0.0292389,0.001486148,-0.001019534,0.9995708,
10.44281,0.3089898,1.310531,0.3853672,0.02809381,0.001304702,-0.002383593,0.9996017,
10.47595,0.3087613,1.308345,0.3852387,0.03082946,0.001067027,-0.003726426,0.9995171,
10.50905,0.3103681,1.309185,0.3852834,0.0297786,0.002992078,-0.001028787,0.9995515,
10.54287,0.3103789,1.309181,0.3852831,0.029777,0.003070618,-0.003209355,0.9995467,
10.57595,0.3109736,1.308687,0.3852493,0.0303754,0.003959675,-0.00792545,0.9994993,
10.60875,0.3112052,1.308077,0.38521,0.03113265,0.004279254,-0.008688305,0.9994683,
10.64198,0.3112352,1.307777,0.3851908,0.03150815,0.004324249,-0.008818333,0.9994553,
10.67537,0.3110504,1.307845,0.3851966,0.03141565,0.004162836,-0.0110588,0.9994366,
10.70863,0.3107391,1.307193,0.3851572,0.03223975,0.003751914,-0.01010886,0.9994221,
10.7419,0.3104578,1.307109,0.3851536,0.03234914,0.003396808,-0.009973099,0.9994211,
10.77492,0.3099693,1.306562,0.3851205,0.03303619,0.002829297,-0.01107728,0.9993888,
10.80856,0.3097577,1.306256,0.3851011,0.03342693,0.002511823,-0.009370115,0.9993941,
10.84151,0.3093812,1.306472,0.385117,0.03316085,0.002036169,-0.009301724,0.9994047,
10.87523,0.308832,1.306843,0.385143,0.03270332,0.0013362,-0.00903456,0.9994234,
10.90785,0.3081767,1.30784,0.385208,0.03146212,0.000470092,-0.007911823,0.9994735,
10.94108,0.3074741,1.309288,0.3852962,0.02965623,-0.0004681865,-0.006384645,0.9995397,
10.97432,0.3049985,1.312925,0.3854846,0.02513345,-0.003537655,-0.008571393,0.9996411,
11.00781,0.3031995,1.316672,0.3856378,0.0204692,-0.005814334,-0.009174521,0.9997315,
11.04079,0.3023317,1.318844,0.3857093,0.0177573,-0.006935607,-0.008521004,0.999782,
11.07402,0.2991424,1.325365,0.385829,0.00962667,-0.0110024,-0.007386899,0.9998659,
11.10799,0.2971121,1.330243,0.3858423,0.003552909,-0.01358373,-0.007838923,0.9998707,
11.14049,0.2907655,1.349647,0.3852817,-0.02039932,-0.02194927,-0.01922891,0.999366,
11.17372,0.2821889,1.376998,0.3827341,-0.05414876,-0.03391561,-0.02896065,0.9975364,
11.20741,0.2751708,1.399645,0.3790402,-0.08268155,-0.04316801,-0.02336082,0.9953666,
11.24034,0.2689587,1.417992,0.3749115,-0.1060325,-0.05116457,-0.01884373,0.9928667,
11.27342,0.2634466,1.431513,0.3711106,-0.1235756,-0.05780053,-0.0126538,0.9905696,
11.30665,0.2613501,1.436976,0.3694223,-0.1307386,-0.06024536,-0.009962916,0.9895346,
11.34027,0.2576445,1.446446,0.3662557,-0.1432171,-0.06456959,-0.00574189,0.9875661,
11.37319,0.2559307,1.450193,0.3648859,-0.1482761,-0.06638381,-0.002798756,0.9867115,
11.40635,0.2533393,1.456263,0.362588,-0.1564667,-0.0691608,0.001179865,0.9852582,
11.43959,0.2506564,1.460517,0.3607679,-0.1622178,-0.07228751,0.003337861,0.984098,
11.47338,0.2473039,1.463625,0.3591663,-0.1665591,-0.07615911,0.006007576,0.9830676,
11.50607,0.2457842,1.464938,0.3584533,-0.1684188,-0.07790047,0.007269362,0.9826056,
11.53929,0.2429768,1.468297,0.3567649,-0.1726406,-0.08209201,0.0040638,0.9815496,
11.57252,0.2392624,1.472363,0.3545824,-0.1776899,-0.08774012,-0.000439048,0.9801672,
11.60577,0.237383,1.474274,0.3534983,-0.1799385,-0.09082591,-0.003833825,0.9794683,
11.63934,0.2331944,1.476883,0.3516524,-0.1830435,-0.09710585,-0.008129456,0.9782635,
11.67222,0.2306825,1.478186,0.3506136,-0.1846687,-0.1006503,-0.009463686,0.9775876,
11.70619,0.2258138,1.480271,0.3487076,-0.1874071,-0.1072107,-0.0103699,0.9763591,
11.73869,0.2198216,1.481162,0.346933,-0.1885967,-0.1151742,-0.01111643,0.9752142,
11.77235,0.2142476,1.481271,0.3454803,-0.1890296,-0.122137,-0.00956158,0.9742992,
11.80515,0.2113758,1.481279,0.3447158,-0.1893062,-0.1255724,-0.007950475,0.9738232,
11.83866,0.2067867,1.481598,0.3433158,-0.1900762,-0.1312491,-0.006210662,0.9729369,
11.87162,0.202051,1.481925,0.3418034,-0.1904924,-0.1376898,-0.007308745,0.9719572,
11.90485,0.1997357,1.482191,0.3409942,-0.1908102,-0.1408854,-0.008018888,0.9714311,
11.93873,0.1950913,1.484198,0.3386906,-0.1934593,-0.1473439,-0.009193501,0.9699375,
11.97132,0.1926481,1.485422,0.337371,-0.1949636,-0.1509155,-0.01055687,0.9690729,
12.00469,0.1872825,1.488718,0.3341079,-0.1990153,-0.1589277,-0.01393904,0.9669233,
12.03878,0.181903,1.492979,0.3302475,-0.2044609,-0.1669924,-0.01674071,0.9643801,
12.07102,0.1761252,1.496715,0.3263037,-0.209062,-0.1758225,-0.02034793,0.9617513,
12.10425,0.1731847,1.498006,0.3245232,-0.2106464,-0.1802058,-0.02174204,0.960563,
12.13749,0.1678898,1.499116,0.3218195,-0.2123705,-0.1874151,-0.02145982,0.9588085,
12.17072,0.1655046,1.499441,0.3206527,-0.2129232,-0.1906512,-0.0212959,0.9580513,
12.20403,0.160872,1.499875,0.3184247,-0.2134785,-0.1972209,-0.02223517,0.9565754,
12.23721,0.1563092,1.500379,0.3161122,-0.213828,-0.2040524,-0.02458827,0.9550056,
12.27042,0.154253,1.500366,0.3151664,-0.2135102,-0.2072569,-0.02627563,0.9543414,
12.30366,0.1504603,1.500322,0.3133907,-0.2127111,-0.2133438,-0.03011446,0.9530643,
12.33689,0.1465383,1.499398,0.3119477,-0.210586,-0.2195881,-0.03426469,0.9519772,
12.37012,0.14476,1.498794,0.311369,-0.2091902,-0.2225494,-0.03683747,0.951501,
12.40336,0.1415833,1.497331,0.3105009,-0.2063597,-0.2275731,-0.04047178,0.9507829,
12.43718,0.1382426,1.49648,0.3091976,-0.2040097,-0.2332017,-0.04546328,0.9497001,
12.46982,0.136828,1.495878,0.3087554,-0.2026176,-0.2355883,-0.04776477,0.949296,
12.50306,0.1342438,1.495647,0.3074881,-0.2016079,-0.2397794,-0.05055128,0.9483168,
12.53629,0.1325849,1.496733,0.3060329,-0.2025757,-0.2427385,-0.05263991,0.9472435,
12.56969,0.1317733,1.497684,0.3050977,-0.2036116,-0.2442748,-0.05372312,0.9465654,
12.60321,0.1307054,1.499609,0.3035029,-0.2055254,-0.2467401,-0.05661461,0.945343,
12.63599,0.1294182,1.501915,0.3015568,-0.2083075,-0.2493232,-0.05820035,0.9439591,
12.66974,0.1288524,1.502934,0.3006878,-0.209563,-0.2504468,-0.058806,0.943346,
12.70281,0.1274066,1.504138,0.2992059,-0.2113736,-0.2526141,-0.058289,0.9423958,
12.73615,0.1257256,1.504193,0.2982,-0.2118939,-0.2546586,-0.05664054,0.941829,
12.76923,0.1248123,1.503962,0.297792,-0.2117736,-0.2557575,-0.05589632,0.9416028,
12.80215,0.1229911,1.503426,0.2970092,-0.2111098,-0.2582076,-0.05560194,0.9411004,
12.8361,0.1206475,1.502325,0.2962067,-0.2101289,-0.2609357,-0.05361925,0.9406825,
12.8693,0.1196375,1.501656,0.2959593,-0.2095354,-0.2620035,-0.05241883,0.9405857,
12.90216,0.1180748,1.499656,0.2960872,-0.2075163,-0.263302,-0.0496965,0.9408184,
12.93525,0.1163043,1.496825,0.2965064,-0.2039691,-0.2650729,-0.04833312,0.9411678,
12.96848,0.1155627,1.495139,0.296932,-0.2017189,-0.2657902,-0.04801752,0.9414666,
13.00156,0.1137214,1.491948,0.2974345,-0.1983233,-0.2671605,-0.04442561,0.9419764,
13.03479,0.112769,1.490789,0.297428,-0.1973671,-0.2678828,-0.04218998,0.9420749,
13.06802,0.1110724,1.489077,0.2972226,-0.1961187,-0.2692753,-0.03837103,0.9421019,
13.1013,0.1096322,1.48794,0.2968756,-0.1958387,-0.2702826,-0.03399331,0.9420398,
13.13449,0.1087407,1.486386,0.2970762,-0.1945262,-0.2707661,-0.03115732,0.9422709,
13.16829,0.1084135,1.485407,0.2973477,-0.193858,-0.2706186,-0.02879435,0.9425262,
13.20106,0.1084761,1.483418,0.2983532,-0.1923843,-0.2693451,-0.02429327,0.9433193,
13.23419,0.1090451,1.481722,0.2995262,-0.1912369,-0.2674335,-0.01995693,0.9441978,
13.26742,0.1096096,1.480916,0.3002642,-0.1904659,-0.2662564,-0.01862793,0.9447133,
13.30104,0.1110766,1.479382,0.3019013,-0.1891453,-0.2633391,-0.01546821,0.9458527,
13.33389,0.1116878,1.47935,0.302296,-0.1894094,-0.2622099,-0.01422932,0.946133,
13.3672,0.1131003,1.48041,0.3026773,-0.1914175,-0.2598321,-0.01193604,0.9464165,
13.40088,0.1154205,1.48247,0.3031307,-0.1951922,-0.2559035,-0.007962718,0.9467577,
13.43397,0.1179832,1.485507,0.3032305,-0.1995406,-0.2522804,-0.00674744,0.946833,
13.46729,0.119288,1.487245,0.3031693,-0.2020757,-0.2504072,-0.005914186,0.9467981,
13.50009,0.1215932,1.49021,0.3030766,-0.2068896,-0.2466798,-0.00259096,0.9467518,
13.53337,0.1226082,1.49142,0.3030693,-0.2091443,-0.2447897,-7.240514E-05,0.9467506,
13.56652,0.1247836,1.494285,0.3028894,-0.2147327,-0.2403707,0.006910844,0.9466066,
13.59976,0.1279667,1.498373,0.3026069,-0.220828,-0.2355342,0.009659117,0.946396,
13.63344,0.1320718,1.501272,0.303386,-0.2244249,-0.230002,0.009439263,0.9469126,
13.66652,0.1343193,1.502428,0.3040083,-0.2254816,-0.2272614,0.008018248,0.9473363,
13.69953,0.1377198,1.503023,0.305526,-0.2255697,-0.2229593,0.006235983,0.9483505,
13.73269,0.1400915,1.502508,0.3070512,-0.223591,-0.2206649,0.001753308,0.949374,
13.76592,0.1410273,1.501784,0.3079193,-0.2224647,-0.2193406,0.001592465,0.9499456,
13.79979,0.1426406,1.500259,0.3095439,-0.2202027,-0.2169813,0.001575931,0.9510139,
13.83292,0.1431935,1.499879,0.3100221,-0.2196529,-0.2161595,0.001681986,0.951328,
13.86585,0.1440131,1.49979,0.3104833,-0.219445,-0.2150344,0.001596011,0.951631,
13.89978,0.1442412,1.500098,0.3104399,-0.2198324,-0.2147645,0.001491831,0.9516027,
13.93209,0.1443099,1.501036,0.30999,-0.2213091,-0.214557,0.002274432,0.9513057,
13.96596,0.1440022,1.501924,0.3093717,-0.2231346,-0.2144675,0.004760436,0.9508901,
13.99884,0.1437766,1.502988,0.3086989,-0.2253018,-0.2141623,0.007693446,0.9504285,
14.03179,0.1435877,1.503823,0.3081618,-0.227156,-0.2137708,0.01066722,0.9500465,
14.06502,0.143649,1.504242,0.3079704,-0.2281437,-0.2132777,0.01247676,0.9498987,
14.09825,0.1441606,1.504711,0.3079814,-0.2296605,-0.2116112,0.01655352,0.9498436,
14.13166,0.1445042,1.505025,0.3079883,-0.2302137,-0.210989,0.01722185,0.9498362,
14.16489,0.1450984,1.504644,0.3084925,-0.2299028,-0.2098312,0.01851792,0.9501435,
14.19795,0.1454332,1.503766,0.3091271,-0.2294263,-0.2084581,0.02210915,0.9504842,
14.23161,0.1456099,1.502918,0.3096623,-0.2287971,-0.2075428,0.02474619,0.950771,
14.26461,0.1461636,1.501707,0.3105721,-0.2279396,-0.2057388,0.02889378,0.9512519,
14.29766,0.1470108,1.50054,0.3115961,-0.2265291,-0.20418,0.03038025,0.9518782,
14.33157,0.1481436,1.500112,0.3123733,-0.2260183,-0.202359,0.03142672,0.9523544,
14.36412,0.1486913,1.500016,0.31269,-0.2258284,-0.2015914,0.03147455,0.9525607,
14.39746,0.1493717,1.500145,0.3129548,-0.2260472,-0.2005222,0.03204978,0.9527153,
14.43176,0.1496713,1.500302,0.3130198,-0.2263734,-0.1999509,0.03273693,0.9527345,
14.46382,0.1499185,1.500711,0.3129302,-0.2271984,-0.199294,0.03410632,0.9526277,
14.49706,0.1499122,1.501068,0.3127438,-0.2280877,-0.1988625,0.03597649,0.9524366,
14.53029,0.149936,1.501351,0.3126094,-0.2286356,-0.1986555,0.03672428,0.9523199,
