0,0.08081171,1.309383,0.4307783,-0.0486417,-0.2299037,0.2984415,0.9250465,
0.02,0.08021601,1.309639,0.4304871,-0.04955925,-0.2303407,0.3002851,0.9242921,
0.04,0.08436432,1.308468,0.4325258,-0.05059693,-0.2256416,0.315117,0.9204494,
0.3392411,0.08562246,1.307247,0.4330851,-0.04913174,-0.2247243,0.3158469,0.920503,
0.3724766,0.08637276,1.306775,0.43343,-0.04839955,-0.2241149,0.3158483,0.9206899,
0.40571,0.08714533,1.305613,0.4337423,-0.04687239,-0.2237424,0.315351,0.9210299,
0.4392853,0.08746415,1.305206,0.4338743,-0.04662826,-0.2234982,0.3164496,0.9207247,
0.4725158,0.08745629,1.305,0.4338576,-0.04650654,-0.223561,0.3167573,0.9206098,
0.5055091,0.08652349,1.30543,0.4334238,-0.04705571,-0.2244148,0.3159018,0.9206682,
0.5386503,0.08524954,1.306211,0.4328384,-0.04833569,-0.2254445,0.316135,0.9202701,
0.5722692,0.08444253,1.30644,0.4324489,-0.04888744,-0.2261883,0.3162729,0.920011,
0.6059332,0.08241627,1.306991,0.431461,-0.04992408,-0.2281372,0.3152907,0.9198113,
0.6383433,0.0801689,1.307696,0.4303565,-0.0514493,-0.2302097,0.3153483,0.9191909,
0.6716849,0.07915568,1.308346,0.4298722,-0.05254981,-0.2310116,0.3157261,0.9187977,
0.7048101,0.07712279,1.309757,0.4288944,-0.0545629,-0.2326552,0.315293,0.9184143,
0.7380432,0.07591511,1.311049,0.4283288,-0.05657722,-0.2333885,0.316515,0.9176857,
0.7712767,0.07578236,1.31159,0.4282857,-0.05743298,-0.233272,0.317621,0.91728,
0.8047195,0.07643053,1.312749,0.4286799,-0.05871297,-0.2321054,0.3191983,0.9169473,
0.8377438,0.07676318,1.313918,0.4289057,-0.05968848,-0.231369,0.3190708,0.9171148,
0.8709772,0.07748871,1.316105,0.4293724,-0.06139841,-0.2299083,0.3185271,0.9175581,
0.9043335,0.07812086,1.318427,0.4297828,-0.06347454,-0.2284473,0.3187764,0.9176952,
0.9374431,0.07801574,1.322065,0.4298329,-0.06695157,-0.2273424,0.3184014,0.9178527,
0.9706765,0.0776118,1.324203,0.4296709,-0.0691497,-0.2270405,0.318284,0.9178051,
1.00391,0.0765619,1.328785,0.4291914,-0.07385004,-0.2266158,0.3176772,0.9177542,
1.037238,0.07583287,1.331511,0.4288275,-0.07665534,-0.2264872,0.3171797,0.9177279,
1.070377,0.07470988,1.337093,0.4282205,-0.08269954,-0.2256995,0.3179201,0.9171408,
1.103794,0.07429481,1.342197,0.4279245,-0.08751914,-0.2245348,0.3166313,0.9174253,
1.137522,0.07336876,1.344894,0.4273691,-0.09032757,-0.2246593,0.3159023,0.917374,
1.170077,0.07238834,1.349563,0.4266959,-0.09514762,-0.2241675,0.3154092,0.9171766,
1.20331,0.0715972,1.353029,0.4261279,-0.09905423,-0.2237417,0.3162656,0.9165719,
1.236792,0.07183215,1.359364,0.4259201,-0.106014,-0.2209999,0.319751,0.9152483,
1.269881,0.07278758,1.363729,0.4261487,-0.1101649,-0.2184377,0.3207904,0.9150094,
1.30301,0.07456031,1.375858,0.4260785,-0.1212717,-0.2126374,0.3203598,0.9151219,
1.336264,0.07590312,1.384232,0.4258936,-0.1285965,-0.2087328,0.3186532,0.9156166,
1.369477,0.07854472,1.403416,0.424625,-0.1454412,-0.2005538,0.3136476,0.9166517,
1.40271,0.08002423,1.427605,0.4208298,-0.167535,-0.1926195,0.3064455,0.9170174,
1.436514,0.08056459,1.441305,0.4179064,-0.1804144,-0.1885318,0.3027252,0.9166591,
1.469179,0.08166274,1.46974,0.4103507,-0.2074487,-0.1805945,0.2942366,0.9153008,
1.502677,0.08189878,1.499619,0.3996621,-0.2371734,-0.1734552,0.2863659,0.9119521,
1.535758,0.08241439,1.51462,0.3935847,-0.2523682,-0.1694864,0.2829453,0.9096849,
1.568891,0.0827267,1.543926,0.379398,-0.282999,-0.1628297,0.2758584,0.9040466,
1.60211,0.08302903,1.572949,0.3625802,-0.3147458,-0.1560606,0.270314,0.8963875,
1.635483,0.08364812,1.58683,0.3537449,-0.3303091,-0.1521545,0.2682998,0.8920539,
1.668577,0.08552653,1.612766,0.3356234,-0.3601411,-0.1437879,0.2652997,0.8827454,
1.701812,0.08704814,1.636234,0.3164984,-0.3885815,-0.1360371,0.2631637,0.8724926,
1.735537,0.08842464,1.646945,0.3072868,-0.4017053,-0.1317046,0.2621887,0.8674929,
1.768841,0.09294215,1.675047,0.2805399,-0.4372405,-0.1195026,0.2587189,0.8529974,
1.801515,0.09387255,1.682981,0.2717662,-0.4479812,-0.1163897,0.2576197,0.8481736,
1.834748,0.09634241,1.696831,0.2558664,-0.4672027,-0.1088817,0.2575565,0.8387676,
1.868528,0.09882137,1.708378,0.2416088,-0.4838664,-0.1013141,0.258534,0.8299211,
1.901262,0.09958397,1.713544,0.234493,-0.4917235,-0.09856439,0.2583425,0.8256829,
1.934897,0.1008172,1.722656,0.2210388,-0.5062485,-0.09313259,0.2588917,0.8173212,
1.967923,0.1024967,1.731416,0.2074351,-0.5204237,-0.08788673,0.2582283,0.8091683,
2.000916,0.1029066,1.735638,0.2000554,-0.5277286,-0.08629674,0.2569984,0.804989,
2.034565,0.103617,1.743426,0.1854453,-0.5418903,-0.08312365,0.2549856,0.7965097,
2.067377,0.1043173,1.746109,0.1805629,-0.5464228,-0.08282096,0.2523688,0.794275,
2.100741,0.1059499,1.757198,0.1569738,-0.5684546,-0.07671753,0.2501713,0.7799925,
2.133872,0.1068006,1.762458,0.1443803,-0.5794903,-0.0762278,0.2454671,0.7733862,
2.167093,0.1060713,1.767281,0.1296123,-0.5922284,-0.07518802,0.2439342,0.7642699,
2.201004,0.105138,1.768897,0.1232631,-0.5975027,-0.07567958,0.2432124,0.760336,
2.233616,0.1024776,1.770018,0.1155217,-0.6038614,-0.07635235,0.2449258,0.7546741,
2.266777,0.09984633,1.768915,0.1150361,-0.6041549,-0.07720533,0.2482778,0.7532558,
2.300797,0.09863324,1.767975,0.1162397,-0.6030161,-0.07830656,0.249324,0.753709,
2.333398,0.09662768,1.765418,0.1214117,-0.5984784,-0.08007375,0.2520005,0.7562457,
2.366478,0.09673825,1.76313,0.1286763,-0.5924277,-0.07970641,0.2543162,0.7602628,
2.400562,0.09694356,1.762125,0.13197,-0.5896247,-0.07982907,0.2547453,0.7622827,
2.433173,0.09881201,1.760779,0.1384641,-0.5842654,-0.07854898,0.2549943,0.7664477,
2.466261,0.101228,1.759481,0.1452449,-0.5786955,-0.07659379,0.2552924,0.7707598,
2.49941,0.1022867,1.75881,0.1483819,-0.5761318,-0.07543419,0.2559026,0.7725903,
2.532655,0.1041869,1.75801,0.1528139,-0.5726043,-0.07287249,0.2573118,0.7749869,
2.565878,0.1052097,1.75705,0.1564639,-0.5698502,-0.06933158,0.2614586,0.7759532,
2.599144,0.1053533,1.756599,0.1577498,-0.5689481,-0.06744127,0.2642112,0.7758494,
2.632344,0.1046221,1.755436,0.1597401,-0.5677018,-0.06304407,0.2722552,0.7743496,
2.665831,0.1042779,1.754754,0.160989,-0.5669126,-0.06017603,0.2772618,0.7733789,
2.698925,0.104336,1.753265,0.1646,-0.5643543,-0.05389041,0.2871512,0.7721038,
2.732044,0.1025488,1.749339,0.1716103,-0.5587472,-0.04681142,0.3031456,0.7705278,
2.765602,0.1012606,1.743765,0.1822934,-0.5497141,-0.03899936,0.3214549,0.7700391,
2.79869,0.1022961,1.741009,0.1890132,-0.5438535,-0.03478807,0.3288998,0.7712575,
2.832376,0.1060679,1.735476,0.2033402,-0.5311024,-0.02429075,0.3448321,0.7735832,
2.864977,0.1143534,1.732014,0.2168432,-0.5186553,-0.01238961,0.3547827,0.7777998,
2.898587,0.1202419,1.7317,0.2221893,-0.5135916,-0.005859074,0.3566762,0.7803663,
2.931706,0.1342486,1.732928,0.2306796,-0.5052301,0.007934238,0.3562488,0.7859812,
2.964752,0.1415208,1.734051,0.2338763,-0.5019178,0.01422017,0.35404,0.789007,
2.99791,0.156383,1.73672,0.2390271,-0.4963209,0.0252677,0.3459964,0.7958101,
3.03147,0.1684554,1.738411,0.243233,-0.4915566,0.0337511,0.3389141,0.8014801,
3.064539,0.172896,1.738942,0.2447617,-0.4897931,0.03662008,0.3359279,0.8036879,
3.09765,0.1791001,1.739924,0.2463791,-0.4878255,0.040586,0.3313404,0.8065933,
3.130844,0.1816016,1.739912,0.247622,-0.4863776,0.04260151,0.3306195,0.8076589,
3.164872,0.1824,1.738458,0.2502508,-0.4835586,0.04382116,0.3329921,0.8083113,
3.197926,0.182238,1.737188,0.2521126,-0.4816129,0.04400492,0.3350111,0.8086286,
3.230543,0.1816539,1.733287,0.2576738,-0.4758825,0.04315109,0.3389831,0.81041,
3.263938,0.1821865,1.73114,0.2610557,-0.4723437,0.04284601,0.3400215,0.8120598,
3.297075,0.1837282,1.726715,0.2680366,-0.4649401,0.04235611,0.3415949,0.8156897,
3.330245,0.1855552,1.724093,0.2724492,-0.4602427,0.04156286,0.3400095,0.81905,
3.363936,0.1862676,1.723255,0.2738933,-0.4587206,0.0410139,0.3387306,0.8204603,
3.397283,0.1870281,1.722413,0.2753493,-0.4571959,0.04028161,0.3370225,0.8220493,
3.429999,0.1864572,1.722904,0.2744474,-0.4582972,0.0389391,0.3350715,0.8222983,
3.463944,0.1857329,1.723378,0.2734995,-0.4593968,0.03814575,0.3344009,0.8219949,
3.496411,0.1839257,1.724415,0.2713065,-0.4618865,0.03680198,0.3340254,0.8208127,
3.529644,0.1815832,1.725501,0.2687754,-0.4647597,0.03497145,0.3336627,0.8194173,
3.563398,0.1801407,1.725835,0.2676611,-0.4660558,0.03362976,0.3334289,0.8188323,
3.596488,0.1772012,1.726241,0.2657381,-0.4682875,0.03112556,0.333654,0.8175654,
3.629386,0.173761,1.725814,0.2647055,-0.4695846,0.02801396,0.3345805,0.8165546,
3.662578,0.1719671,1.725376,0.2644526,-0.4699492,0.02636607,0.3352509,0.8161247,
3.695811,0.168639,1.724428,0.2641414,-0.4704443,0.02325368,0.3365374,0.8154042,
3.729044,0.1653634,1.723302,0.2640627,-0.4706741,0.02007933,0.3378088,0.81483,
3.76252,0.1638091,1.72277,0.2640078,-0.4707927,0.01861446,0.3384775,0.8145188,
3.795605,0.1611495,1.721925,0.263799,-0.4711024,0.01623436,0.3397625,0.8138552,
3.829046,0.1598005,1.721434,0.26377,-0.4711716,0.01507503,0.3405619,0.8135033,
3.862118,0.1573396,1.720814,0.2633109,-0.4717204,0.01299993,0.3417821,0.812709,
3.895335,0.1553713,1.720631,0.2624898,-0.4726338,0.01129099,0.3423299,0.8119729,
3.928444,0.1538393,1.720869,0.2613039,-0.4739129,0.01013131,0.3426332,0.8111143,
3.961677,0.1530194,1.721196,0.260381,-0.4748971,0.009582154,0.3426998,0.810517,
3.995186,0.1519825,1.722037,0.2585965,-0.4767794,0.009215792,0.3428759,0.8093408,
4.028153,0.1509974,1.722969,0.256692,-0.4787871,0.00842228,0.342139,0.8084757,
4.061378,0.1504394,1.72332,0.2558607,-0.4796627,0.007934373,0.341849,0.8080842,
4.094614,0.1492907,1.723803,0.2544855,-0.4811136,0.006652476,0.3410457,0.8075725,
4.127978,0.1469678,1.723105,0.2541166,-0.4815238,0.004272141,0.3415829,0.8071169,
4.161092,0.1455976,1.722296,0.2544655,-0.4811718,0.002868453,0.3423253,0.8070185,
4.194417,0.1427017,1.720141,0.2558123,-0.4797789,-1.58168E-08,0.3445302,0.8069147,
4.228178,0.1394685,1.717268,0.2579104,-0.4775804,-0.002563406,0.3485574,0.8064851,
4.261338,0.1379525,1.715894,0.2589028,-0.4765321,-0.003783899,0.3504415,0.8062838,
4.294454,0.1358068,1.713273,0.2612123,-0.4740888,-0.005248664,0.354285,0.8060363,
4.327542,0.135352,1.711214,0.2637537,-0.4714029,-0.005065508,0.3575803,0.8061576,
4.360478,0.1356921,1.71031,0.2651897,-0.4698817,-0.004638361,0.3587433,0.8065314,
4.393925,0.1376935,1.70921,0.2678899,-0.4670149,-0.002685455,0.3600262,0.807633,
4.426945,0.1419908,1.709375,0.2702227,-0.464518,0.000610356,0.3584435,0.8097784,
4.460179,0.144347,1.709981,0.2707858,-0.4639077,0.001953066,0.3561853,0.8111213,
4.493789,0.1485555,1.712478,0.2698549,-0.464895,0.004211383,0.3503345,0.8130932,
4.527408,0.1498073,1.713964,0.2685623,-0.4662778,0.004760433,0.3475723,0.8134838,
4.560468,0.1505831,1.71654,0.2654946,-0.4695638,0.003905904,0.3420114,0.8139551,
4.59377,0.1466285,1.717311,0.2621594,-0.4731178,-0.0003051195,0.3405569,0.8125149,
4.626351,0.1402848,1.717099,0.2586526,-0.4767705,-0.006103052,0.3414049,0.8099971,
4.659579,0.1360807,1.716526,0.256835,-0.4786207,-0.009338067,0.3434326,0.8080156,
4.692816,0.1266631,1.71476,0.2531638,-0.482264,-0.01605107,0.3492782,0.8032239,
4.726045,0.1223398,1.714154,0.2510513,-0.4843409,-0.0190416,0.351843,0.8007858,
4.759645,0.1150572,1.713362,0.2469549,-0.4883307,-0.02404728,0.3558875,0.7964288,
4.792722,0.1113943,1.713625,0.2438186,-0.4914765,-0.02514447,0.3594681,0.7928438,
4.825799,0.1110698,1.714593,0.2421358,-0.4932071,-0.02471829,0.3596061,0.7917192,
4.858982,0.1122515,1.71723,0.2390804,-0.4963827,-0.02288738,0.3578984,0.7905625,
4.893,0.1163751,1.720422,0.2373644,-0.4982747,-0.01892027,0.3545416,0.7909897,
4.925771,0.1188687,1.721911,0.2369538,-0.4987609,-0.01684506,0.352465,0.7916579,
4.958858,0.1236498,1.723941,0.2373559,-0.4984547,-0.01367132,0.34807,0.7938534,
4.99197,0.1272576,1.724507,0.2390897,-0.4967462,-0.01238964,0.3439811,0.7967225,
5.025149,0.128147,1.72409,0.2403657,-0.4954556,-0.01257251,0.3427543,0.7980509,
5.058383,0.1278848,1.72199,0.2433819,-0.492345,-0.01464762,0.3420232,0.8002512,
5.092481,0.123786,1.718065,0.2463648,-0.489155,-0.01904134,0.3454295,0.8006518,
5.12493,0.1208355,1.715624,0.2478549,-0.4875172,-0.02172706,0.348244,0.8003631,
5.15808,0.1133668,1.709716,0.2509583,-0.4840009,-0.02801467,0.3558902,0.7989371,
5.192081,0.1050449,1.703685,0.2532107,-0.4812354,-0.03466605,0.3643596,0.7965255,
5.224794,0.1010419,1.700834,0.254079,-0.4800927,-0.0378411,0.3684006,0.7952107,
5.257857,0.09381628,1.695878,0.2551554,-0.4785434,-0.04290472,0.3765607,0.792059,
5.291011,0.08807293,1.691897,0.2558611,-0.4774084,-0.04711828,0.3827446,0.7895364,
5.324647,0.08555861,1.690143,0.2561277,-0.4769636,-0.04876445,0.385782,0.7882258,
5.357478,0.08218727,1.687928,0.256249,-0.4766522,-0.05053362,0.3904155,0.7860184,
5.390882,0.0811073,1.687274,0.2562034,-0.4766546,-0.05096116,0.3920651,0.7851678,
5.423944,0.07975271,1.686514,0.2560579,-0.4767745,-0.05126607,0.3944437,0.7838827,
5.458054,0.07976016,1.686419,0.2561882,-0.4766768,-0.05090245,0.3951352,0.7836176,
5.490411,0.08093631,1.686518,0.2570484,-0.4759282,-0.04943604,0.395671,0.7838961,
5.523736,0.08158199,1.686775,0.2572529,-0.4757953,-0.04864141,0.395723,0.7840002,
5.556941,0.08306877,1.687386,0.257692,-0.4754933,-0.04705499,0.3954204,0.7844327,
5.590111,0.08458495,1.688262,0.257799,-0.4755583,-0.04522439,0.3951797,0.7846223,
5.623633,0.08549322,1.688857,0.2577654,-0.4756855,-0.04424839,0.3947567,0.7848138,
5.656721,0.08726679,1.690199,0.2574517,-0.4761817,-0.04241811,0.3936036,0.785193,
5.689972,0.08822469,1.691034,0.257128,-0.4766127,-0.04138092,0.3929354,0.7853215,
5.723044,0.0900054,1.692818,0.2562028,-0.4777527,-0.03936519,0.3915765,0.7854112,
5.756278,0.09186654,1.695286,0.2543934,-0.4797654,-0.03783925,0.3885239,0.7857751,
5.789743,0.09349966,1.697737,0.2523769,-0.4819658,-0.03649682,0.385536,0.7859637,
5.823491,0.09409779,1.698888,0.2512767,-0.4831333,-0.03613128,0.3839554,0.7860375,
5.855981,0.09501295,1.701265,0.2487118,-0.4858211,-0.03558207,0.3808447,0.7859192,
5.889626,0.09543465,1.702383,0.2474809,-0.4871128,-0.03521655,0.3795709,0.7857524,
5.922448,0.09543251,1.704326,0.244712,-0.4899513,-0.0351535,0.3775334,0.7849717,
5.955682,0.09566939,1.706582,0.2416409,-0.4930797,-0.03509361,0.374799,0.7843256,
5.988915,0.09565938,1.707646,0.2400711,-0.4946516,-0.03533665,0.373262,0.7840578,
6.022361,0.09558539,1.709582,0.2371299,-0.4975852,-0.03576414,0.3705798,0.7834542,
6.055382,0.09584749,1.711397,0.2346103,-0.5001019,-0.0358872,0.3680272,0.7830493,
6.088703,0.09588555,1.712079,0.233601,-0.5010879,-0.03619304,0.3667524,0.783003,
6.121846,0.09605147,1.713139,0.2321136,-0.5025522,-0.03643717,0.3649821,0.7828804,
6.155092,0.09610537,1.713864,0.2310371,-0.5035821,-0.03698593,0.3632675,0.7829904,
6.188897,0.09611462,1.714284,0.230391,-0.5041962,-0.03735235,0.3622327,0.7830572,
6.222161,0.09644371,1.715141,0.2293358,-0.5052325,-0.03747431,0.360645,0.7831163,
6.254779,0.09660111,1.715896,0.2282827,-0.5062556,-0.03771734,0.3592309,0.7830938,
6.28829,0.09689686,1.716408,0.2277298,-0.5068104,-0.03759572,0.3584414,0.7831025,
6.321539,0.09765096,1.717067,0.2273424,-0.5072284,-0.03710676,0.3573973,0.7833324,
6.354479,0.09869052,1.717597,0.227401,-0.5072281,-0.03631343,0.3565427,0.7837591,
6.387712,0.09953733,1.717802,0.2278067,-0.5068756,-0.03564302,0.3561251,0.7842077,
6.421569,0.09977187,1.717722,0.2281362,-0.5065761,-0.03527716,0.3564342,0.7842773,
6.454178,0.09981549,1.716977,0.2293528,-0.5054119,-0.03472764,0.3580179,0.7843316,
6.487744,0.09962736,1.716312,0.2302396,-0.5045465,-0.03454379,0.3592919,0.7843143,
6.520646,0.09895572,1.714713,0.2321614,-0.5026593,-0.03423888,0.3624689,0.7840776,
6.554605,0.09810805,1.713014,0.2340621,-0.5007774,-0.03405651,0.365833,0.7837272,
6.587587,0.09773378,1.712203,0.2349842,-0.4998601,-0.03399539,0.3673575,0.7836024,
6.620399,0.09648436,1.710872,0.2359472,-0.4988834,-0.03417843,0.370348,0.7828088,
6.653579,0.09563322,1.709983,0.2365676,-0.4982738,-0.03399536,0.3728509,0.7820165,
6.687016,0.09505692,1.709613,0.2366356,-0.4982014,-0.03405561,0.374002,0.7815102,
6.720258,0.09384662,1.70914,0.2363138,-0.4985159,-0.03417832,0.3760841,0.7803041,
6.753278,0.0932887,1.708937,0.236141,-0.4986808,-0.0342992,0.3769248,0.7797876,
6.786979,0.09197959,1.708619,0.2354902,-0.4992906,-0.03490942,0.378206,0.7787493,
6.819745,0.09053767,1.708395,0.2345731,-0.5001651,-0.03552117,0.379564,0.7774988,
6.852979,0.08973116,1.708263,0.2340654,-0.5006464,-0.03588682,0.3802911,0.7768166,
6.886214,0.08837697,1.70815,0.2330394,-0.5016171,-0.03661879,0.3812022,0.775709,
6.919493,0.08730222,1.708194,0.2320113,-0.5026004,-0.03716861,0.3818176,0.774743,
6.952967,0.08699135,1.708693,0.2309687,-0.5036366,-0.03716855,0.3816945,0.7741304,
6.985915,0.0868613,1.708823,0.2306521,-0.5039462,-0.0372299,0.3816369,0.7739544,
7.019149,0.08701256,1.709379,0.2299328,-0.5046729,-0.03704633,0.3810832,0.7737625,
7.052382,0.08729948,1.709737,0.2296397,-0.5049722,-0.03692386,0.3804685,0.7738755,
7.085616,0.08793809,1.710289,0.2293642,-0.505276,-0.03649652,0.379613,0.7741177,
7.119238,0.08852707,1.710606,0.2294043,-0.5052713,-0.03600797,0.3791824,0.7743547,
7.152079,0.08855742,1.710601,0.2294384,-0.5052375,-0.03600992,0.3791417,0.7743964,
7.185312,0.08912678,1.710734,0.2297446,-0.504986,-0.03527693,0.3793194,0.7745072,
7.219288,0.08965683,1.71108,0.2296843,-0.5051047,-0.03442235,0.3794999,0.7743799,
7.251896,0.09053457,1.71191,0.2291797,-0.5056534,-0.03368987,0.3784619,0.774562,
7.285012,0.09114063,1.712359,0.2290206,-0.5058429,-0.03320207,0.3778563,0.7747549,
7.318373,0.0922717,1.713122,0.2288336,-0.5060792,-0.03240804,0.3766299,0.7752312,
7.351805,0.09296572,1.713607,0.2286895,-0.5062564,-0.0318584,0.3759541,0.7754663,
7.385113,0.09384219,1.713769,0.22921,-0.50578,-0.03124884,0.3754748,0.776034,
7.418679,0.0944941,1.713533,0.2301509,-0.5048379,-0.0314303,0.3745394,0.7770914,
7.451244,0.09476712,1.713501,0.2304391,-0.5045447,-0.03155305,0.373999,0.777537,
7.484413,0.09443328,1.712985,0.2309503,-0.5039518,-0.03289689,0.3729745,0.7783575,
7.517647,0.09334429,1.712541,0.2306863,-0.5040656,-0.03509361,0.3716255,0.7788329,
7.551122,0.09061114,1.711426,0.23,-0.5045012,-0.038451,0.3715707,0.7784185,
7.584213,0.08885762,1.710744,0.2294867,-0.5048572,-0.04040322,0.3718074,0.7779757,
7.617346,0.08516936,1.709375,0.2282564,-0.5057897,-0.0438225,0.3732846,0.776476,
7.651147,0.0833886,1.708725,0.2276199,-0.5062787,-0.04540942,0.3740787,0.7756836,
7.684243,0.08021794,1.707458,0.2266161,-0.5070041,-0.04827733,0.3755383,0.7743301,
7.717132,0.07816352,1.706621,0.225963,-0.5074884,-0.04992483,0.376817,0.7732865,
7.750553,0.07730362,1.706125,0.2259096,-0.5074747,-0.05059488,0.3775392,0.7728995,
7.783682,0.07679823,1.705685,0.2261079,-0.5072547,-0.05084138,0.3783506,0.772631,
7.816747,0.07601109,1.704617,0.2270024,-0.5063785,-0.05077821,0.3807146,0.7720484,
7.849981,0.07561943,1.704051,0.2274967,-0.5059023,-0.05065737,0.3820663,0.7717007,
7.883556,0.07530618,1.7031,0.2286511,-0.5048453,-0.04980093,0.3848591,0.7710607,
7.916447,0.07529542,1.702451,0.2296281,-0.5040016,-0.04852034,0.3875527,0.7703449,
7.950232,0.07567653,1.702389,0.2300855,-0.5036294,-0.04766538,0.3884026,0.7702135,
7.982913,0.07619351,1.702533,0.2303587,-0.5035002,-0.04613889,0.3898619,0.7696535,
8.016146,0.07712866,1.703022,0.2305044,-0.5035145,-0.04437023,0.3907274,0.7693092,
8.049378,0.07769588,1.703259,0.2306801,-0.503404,-0.04363889,0.3907973,0.7693878,
8.082611,0.07871544,1.70399,0.2305299,-0.5036471,-0.04254021,0.3902473,0.7695694,
8.115845,0.07952964,1.704841,0.2299995,-0.5042399,-0.04174528,0.3893792,0.7696645,
8.149087,0.07962602,1.705019,0.2298172,-0.5044256,-0.04168451,0.3891371,0.7696685,
8.182312,0.07972944,1.705192,0.2296509,-0.5046155,-0.04137991,0.3892644,0.769496,
8.215545,0.07965884,1.705019,0.2298491,-0.5044191,-0.04137883,0.3895593,0.7694756,
8.248829,0.08028533,1.705034,0.2304113,-0.5038865,-0.041075,0.3891449,0.7700503,
8.282012,0.08187917,1.705513,0.2311601,-0.5032167,-0.04015962,0.3878035,0.7712124,
8.315245,0.08298355,1.705974,0.2314745,-0.5029527,-0.03954782,0.3866895,0.7719753,
8.34848,0.08553639,1.707078,0.2321218,-0.5024127,-0.03820581,0.3839502,0.7737597,
8.382489,0.08805385,1.708298,0.2325254,-0.5021068,-0.03692402,0.3810201,0.775467,
8.414947,0.08908558,1.708759,0.232742,-0.5019267,-0.03643604,0.3798017,0.776204,
8.448256,0.09131135,1.709753,0.233191,-0.5015492,-0.03545879,0.3770469,0.7778346,
8.481523,0.09273773,1.710644,0.2330779,-0.5016919,-0.03503298,0.3746821,0.778904,
8.514645,0.09353398,1.711107,0.233062,-0.5017375,-0.03460461,0.373694,0.7793682,
8.547877,0.09511261,1.712208,0.2327395,-0.5021128,-0.03381184,0.3714427,0.780237,
8.581314,0.09781097,1.713637,0.2328526,-0.5021123,-0.03210294,0.3686348,0.78164,
8.614345,0.09936841,1.714447,0.2329228,-0.5021152,-0.03094349,0.3672942,0.7823157,
8.647582,0.1030839,1.715991,0.2336429,-0.5015732,-0.02795332,0.3648583,0.7839141,
8.681814,0.1076373,1.71745,0.2351049,-0.500287,-0.02465728,0.3617423,0.7862872,
8.71406,0.1100051,1.71822,0.2358066,-0.4996667,-0.02294792,0.3600871,0.7874922,
8.747279,0.1171609,1.72042,0.2379639,-0.4977,-0.01818692,0.3545235,0.7913767,
8.780855,0.1191896,1.721126,0.2384054,-0.4972931,-0.01715013,0.3523408,0.7926294,
8.813745,0.122676,1.724262,0.2361376,-0.4996737,-0.0137323,0.3491064,0.79263,
8.846979,0.1225166,1.724396,0.2358109,-0.4999781,-0.01452569,0.3479462,0.792934,
8.880213,0.1245268,1.727859,0.2318132,-0.504008,-0.01275576,0.3439803,0.7921432,
8.913445,0.1246807,1.728147,0.2314649,-0.5042554,-0.01617378,0.3380623,0.7944676,
8.946982,0.1182332,1.726505,0.2291921,-0.5062506,-0.02276446,0.3392093,0.792546,
8.979912,0.1139886,1.725329,0.2277391,-0.5074838,-0.02685424,0.3404383,0.791101,
9.013248,0.1037363,1.72245,0.2239187,-0.5106492,-0.03631362,0.3440337,0.787121,
9.046378,0.09240288,1.719043,0.2194287,-0.514201,-0.04656797,0.348436,0.7823178,
9.08018,0.0869602,1.717432,0.2169841,-0.516091,-0.05163359,0.3502657,0.7799346,
9.112857,0.07636082,1.714289,0.2117472,-0.5200945,-0.06127376,0.3540939,0.7748321,
9.146112,0.07126537,1.712642,0.2092233,-0.5219425,-0.06597511,0.3559366,0.7723552,
9.179311,0.0618915,1.708857,0.2054585,-0.5243237,-0.075008,0.359477,0.7682675,
9.212544,0.05353436,1.704467,0.2033918,-0.5251665,-0.08251294,0.3644125,0.7645884,
9.245899,0.04595327,1.69991,0.2021211,-0.525371,-0.08868077,0.3703475,0.7608967,
9.279034,0.04292303,1.697732,0.2021128,-0.5250033,-0.09087773,0.3734591,0.7593688,
9.312848,0.03904483,1.694286,0.2031065,-0.5237243,-0.0927702,0.3794423,0.7570535,
9.345478,0.03830886,1.69242,0.2052799,-0.5218393,-0.09167279,0.3839638,0.7562088,
9.379172,0.03899604,1.692155,0.2065558,-0.5208503,-0.0903279,0.3852974,0.7563741,
9.411959,0.04274023,1.692879,0.2098845,-0.5184634,-0.08550521,0.3866352,0.7578903,
9.445282,0.04530779,1.6936,0.2117442,-0.5171821,-0.0823317,0.3871236,0.7588673,
9.478411,0.05126145,1.695441,0.2156122,-0.5144425,-0.07574136,0.3869458,0.761502,
9.51211,0.05823684,1.697613,0.2198289,-0.5113856,-0.06823354,0.3863924,0.7645454,
9.545041,0.06547914,1.699507,0.2244447,-0.5078574,-0.06030079,0.3864013,0.7675537,
9.578347,0.06923585,1.700459,0.2267598,-0.5060169,-0.05645459,0.3860278,0.7692479,
9.611604,0.0771246,1.702233,0.2316902,-0.5019398,-0.04864374,0.3850606,0.7729285,
9.644577,0.0851032,1.703708,0.236784,-0.4975228,-0.04107362,0.3838836,0.7767995,
9.678306,0.08895853,1.704414,0.2391247,-0.4954504,-0.03747306,0.3832143,0.7786344,
9.711409,0.09632055,1.705674,0.2434988,-0.4914901,-0.03063795,0.3819378,0.7820629,
9.744278,0.09979248,1.706335,0.2453664,-0.4897782,-0.02740314,0.3812641,0.7835841,
9.777611,0.1064154,1.707875,0.2483594,-0.487029,-0.02105577,0.3799193,0.7861429,
9.810744,0.1127558,1.709739,0.2504751,-0.485073,-0.0151356,0.3779028,0.7884571,
9.84429,0.1192819,1.71226,0.2516082,-0.4840502,-0.009337956,0.3746186,0.7907396,
9.877212,0.122581,1.713648,0.2519457,-0.4837475,-0.006530519,0.3726064,0.791903,
9.911149,0.1293894,1.716492,0.2525188,-0.4831967,-0.001464759,0.3672343,0.794769,
9.943678,0.132641,1.717866,0.2526972,-0.4830141,0.0004272809,0.363756,0.796479,
9.977338,0.1379628,1.720246,0.2526987,-0.4830053,0.002685376,0.3564864,0.79976,
10.01026,0.14134,1.721799,0.2525703,-0.4831348,0.00323474,0.3503277,0.8023969,
10.04341,0.1420392,1.722527,0.2519431,-0.4837917,0.001586835,0.345679,0.8040206,
10.07661,0.1416263,1.722644,0.2515132,-0.4842383,0.0002441626,0.3439839,0.8044802,
10.10985,0.1396384,1.722761,0.250085,-0.4857008,-0.003112606,0.3414798,0.8046593,
10.14309,0.1381041,1.722697,0.2491951,-0.486599,-0.005126585,0.3406743,0.8044477,
10.17631,0.1353076,1.722682,0.2473904,-0.4883828,-0.009582097,0.3378154,0.8045316,
10.20954,0.1317998,1.722283,0.2456379,-0.4900242,-0.01544101,0.3342101,0.8049482,
10.24293,0.1296503,1.721741,0.2449821,-0.490571,-0.01891978,0.3324995,0.8052492,
10.27601,0.1240298,1.719895,0.2438126,-0.4913821,-0.02703793,0.3300701,0.8055224,
10.30943,0.1161563,1.716617,0.2429714,-0.4916626,-0.03600805,0.3312741,0.8045053,
10.34248,0.1116827,1.714587,0.2426139,-0.4916745,-0.0405253,0.3330521,0.8035485,
10.37628,0.1022342,1.71028,0.2415782,-0.4919125,-0.04943542,0.3378085,0.8009143,
10.40904,0.09336823,1.706496,0.2398378,-0.4928405,-0.05718777,0.3429438,0.7976387,
10.44223,0.08976546,1.705017,0.2389361,-0.4933693,-0.06042002,0.3448215,0.7962627,
10.47541,0.08324398,1.70292,0.2362882,-0.4953452,-0.0659159,0.3481943,0.7931261,
10.50864,0.07872821,1.701693,0.2339921,-0.497116,-0.06988309,0.3500258,0.7908691,
10.54221,0.07684131,1.700988,0.2332865,-0.4975913,-0.07152912,0.3509931,0.7899939,
10.57539,0.07349405,1.699622,0.232161,-0.498374,-0.07390772,0.353671,0.7880849,
10.60848,0.07030556,1.697785,0.2318318,-0.4984386,-0.07567818,0.3575184,0.7861377,
10.64159,0.0688926,1.69673,0.2320244,-0.4981519,-0.07629123,0.3597289,0.7852512,
10.67481,0.06668395,1.694895,0.2325732,-0.4975259,-0.07677718,0.3641118,0.7835789,
10.70847,0.06499018,1.692783,0.2339969,-0.4961398,-0.07647479,0.3692515,0.7820808,
10.74128,0.06457317,1.691783,0.2350344,-0.495159,-0.07604679,0.3715677,0.781647,
10.77451,0.06384808,1.689813,0.2371463,-0.4931345,-0.07531279,0.375832,0.7809588,
10.80775,0.06359643,1.687933,0.2395537,-0.4909376,-0.07366501,0.3807757,0.7801048,
10.84138,0.06372555,1.687056,0.2409009,-0.4897186,-0.07262777,0.3831571,0.7798023,
10.87421,0.06439404,1.685847,0.243206,-0.4877082,-0.070248,0.3872492,0.7792587,
10.9075,0.06604935,1.685299,0.24551,-0.4857635,-0.0672586,0.3901855,0.7792724,
10.94132,0.06702533,1.685236,0.2465013,-0.4849518,-0.06573029,0.3912694,0.7793649,
10.97433,0.0693178,1.685754,0.247907,-0.483921,-0.06255759,0.3924344,0.7796809,
11.00751,0.07173213,1.686664,0.2488678,-0.4833128,-0.0595062,0.3928023,0.7801116,
11.04114,0.07315958,1.687387,0.2491727,-0.4831972,-0.05785912,0.3925635,0.7804273,
11.0745,0.07604823,1.689013,0.2495396,-0.483118,-0.05529366,0.3906566,0.7816183,
11.10685,0.07722223,1.689748,0.2495767,-0.4831902,-0.05431839,0.3896892,0.7821248,
11.14008,0.07902059,1.690775,0.2497529,-0.4831838,-0.05273087,0.3884634,0.7828468,
11.17356,0.07969241,1.691474,0.249386,-0.4836293,-0.0521226,0.3876847,0.7829984,
11.20654,0.08032846,1.69207,0.2491242,-0.4839719,-0.05144866,0.3871774,0.7830823,
11.24051,0.0809506,1.692461,0.2491276,-0.4840329,-0.05083846,0.3868113,0.7832653,
11.27302,0.08281386,1.693202,0.2497152,-0.4835584,-0.04955818,0.3852965,0.7843863,
11.30624,0.08586775,1.694119,0.2510471,-0.4824001,-0.04736115,0.3832835,0.7862194,
11.33948,0.08787695,1.69462,0.2520397,-0.4815002,-0.04601993,0.3818921,0.7875267,
11.37342,0.09225066,1.695304,0.2546788,-0.4790356,-0.04296607,0.3794934,0.7903567,
11.40594,0.09714386,1.696327,0.2571695,-0.4767196,-0.03960967,0.3763832,0.7934136,
11.43955,0.09982149,1.696976,0.2583663,-0.4756261,-0.03759602,0.3748615,0.7948869,
11.47241,0.1053967,1.698366,0.2606993,-0.4734873,-0.03332355,0.3717467,0.7978119,
11.50565,0.1115669,1.700059,0.2629144,-0.4714251,-0.02905202,0.3673014,0.8012516,
11.53888,0.1147402,1.700815,0.2641414,-0.4702456,-0.02697577,0.3649057,0.8031098,
11.57264,0.1210014,1.702032,0.2667966,-0.4676319,-0.02288725,0.3603976,0.8067901,
11.60573,0.1241623,1.702687,0.2680196,-0.4664169,-0.02087333,0.3579607,0.8086308,
11.63858,0.1304061,1.704308,0.2698846,-0.4645769,-0.01684488,0.352827,0.8120331,
11.67243,0.136148,1.705533,0.2718078,-0.4626142,-0.01342676,0.3478151,0.8153726,
11.70555,0.1384078,1.705939,0.2726266,-0.4617623,-0.01220619,0.3456809,0.8167811,
11.73828,0.1417136,1.706712,0.2735555,-0.4607918,-0.01074167,0.3417793,0.8189887,
11.77151,0.1430209,1.707068,0.2738455,-0.4604827,-0.0104974,0.3395793,0.8200802,
11.80515,0.1424288,1.707348,0.2731402,-0.4612215,-0.0115962,0.3383634,0.8201527,
11.83816,0.1413462,1.707533,0.2722721,-0.4621311,-0.01275555,0.3379929,0.8197761,
11.87144,0.1381137,1.707791,0.2700252,-0.4644743,-0.01544178,0.3385597,0.8181703,
11.90448,0.1360638,1.707822,0.2687484,-0.4657892,-0.01708872,0.3391497,0.817145,
11.93787,0.1312453,1.707534,0.2661462,-0.4684099,-0.02111656,0.3406118,0.8149416,
11.97093,0.125824,1.707012,0.2633567,-0.4711674,-0.02538927,0.3428781,0.8122755,
12.00415,0.1228349,1.706584,0.2619501,-0.4725202,-0.02783118,0.3441061,0.8108891,
12.03744,0.1165225,1.7057,0.2588205,-0.4755012,-0.03283525,0.3469065,0.8077601,
12.07062,0.1100715,1.70455,0.255768,-0.478316,-0.03802359,0.3498415,0.8045987,
12.10385,0.1069061,1.704045,0.2541169,-0.479829,-0.04058587,0.3511748,0.8029902,
12.1375,0.100624,1.70314,0.2505589,-0.4830647,-0.04571261,0.3536168,0.7996962,
12.17078,0.09429035,1.702013,0.2470696,-0.486122,-0.05114501,0.3558181,0.7965319,
12.2037,0.09094131,1.701271,0.245349,-0.4875861,-0.0539524,0.3572213,0.794822,
12.23679,0.08392414,1.699526,0.2418298,-0.4905247,-0.05962959,0.3606459,0.7910528,
12.27001,0.07687476,1.696903,0.2392894,-0.4924043,-0.0651819,0.3651531,0.7873707,
12.30394,0.07364026,1.695598,0.2381867,-0.4932106,-0.06750286,0.367665,0.7854993,
12.33657,0.06885812,1.693253,0.2370554,-0.4939215,-0.07061256,0.3722873,0.7825966,
12.36972,0.06715651,1.691889,0.2373827,-0.4935108,-0.07116415,0.3753515,0.7813412,
12.40294,0.06750956,1.691837,0.2377943,-0.4931903,-0.07049065,0.37595,0.7813168,
12.43618,0.07058778,1.692425,0.2398683,-0.4916195,-0.06664786,0.3768778,0.7821966,
12.46941,0.07319459,1.692793,0.2417645,-0.4900773,-0.06371611,0.3772924,0.7832082,
12.50275,0.0800284,1.693658,0.2466817,-0.4859264,-0.05651441,0.3777189,0.7861362,
12.53607,0.08853665,1.694631,0.252569,-0.4807595,-0.04797216,0.3776743,0.7898932,
12.56914,0.09778814,1.695536,0.2587236,-0.4751273,-0.03912089,0.3770503,0.7940759,
12.60235,0.1025563,1.696144,0.2615343,-0.4725081,-0.03466604,0.376383,0.7961596,
12.63558,0.1112211,1.697172,0.2664587,-0.4678168,-0.02624414,0.3757793,0.7995303,
12.669,0.1146668,1.697349,0.2686163,-0.4656851,-0.02282649,0.3759049,0.8008195,
12.70205,0.1201673,1.697176,0.2725211,-0.4617102,-0.01739415,0.3765699,0.8029423,
12.73528,0.124798,1.697097,0.2756034,-0.4585325,-0.01202322,0.3784587,0.8039729,
12.76852,0.1264908,1.697289,0.276427,-0.4576806,-0.01007036,0.3788881,0.8042827,
12.80175,0.1295011,1.698286,0.2770397,-0.4570688,-0.006957608,0.3782765,0.8049513,
12.83498,0.1331401,1.699826,0.2773116,-0.456812,-0.003356681,0.3768622,0.8057832,
12.86828,0.1348791,1.700515,0.2774816,-0.4566345,-0.001830947,0.3758903,0.8063424,
12.90145,0.1372075,1.70125,0.2779278,-0.4561456,0.001830953,0.3776599,0.8057921,
12.93472,0.1397498,1.699715,0.2813163,-0.4523753,0.006347419,0.3832251,0.805267,
12.96792,0.1434014,1.698507,0.2848508,-0.4483993,0.009337883,0.383889,0.8071432,
13.00115,0.1464114,1.698383,0.2866397,-0.446331,0.01220651,0.3841389,0.8081319,
13.03481,0.1538547,1.698425,0.2904731,-0.4418125,0.01812658,0.382184,0.8114238,
13.06791,0.1577723,1.699262,0.2914243,-0.4406333,0.02044494,0.3786883,0.8136458,
13.10085,0.1661528,1.702702,0.2912861,-0.4405294,0.02545035,0.3692439,0.8178906,
13.13408,0.17019,1.70446,0.2910016,-0.4407122,0.02776957,0.3643612,0.819904,
13.16731,0.1764295,1.707237,0.2903608,-0.4412699,0.03033351,0.3547859,0.8237037,
13.2011,0.179886,1.709386,0.2891834,-0.442602,0.03033275,0.3461109,0.8266745,
13.23378,0.1802779,1.710646,0.287779,-0.4443264,0.02819769,0.3400196,0.8283513,
13.26756,0.1792148,1.710979,0.2869093,-0.4454161,0.02636606,0.3381817,0.8285787,
13.30025,0.1750035,1.71084,0.285247,-0.447551,0.02123928,0.3364719,0.8282715,
13.33369,0.1688451,1.709925,0.2835959,-0.4496429,0.01501457,0.3370949,0.8270205,
13.36765,0.1650821,1.709035,0.2829382,-0.4504777,0.01147407,0.3383008,0.8261301,
13.39997,0.1573046,1.707471,0.2810634,-0.4526797,0.00421124,0.3405625,0.8240635,
13.43318,0.1498756,1.706489,0.2784084,-0.4556124,-0.00299064,0.3416635,0.8219942,
13.46658,0.1461885,1.706233,0.2767136,-0.4574317,-0.006530384,0.342021,0.8208138,
13.49985,0.13869,1.705721,0.2730775,-0.4612179,-0.0141594,0.3419616,0.8186207,
13.53288,0.1310538,1.704705,0.2697695,-0.4645008,-0.02166568,0.3428676,0.8162177,
13.56664,0.1268227,1.703845,0.2682207,-0.4659705,-0.02551084,0.3442141,0.8147008,
13.59935,0.1184296,1.701506,0.2657616,-0.4681669,-0.03252937,0.3485465,0.8113427,
13.63263,0.1100432,1.698752,0.2635583,-0.4700169,-0.03906129,0.3540538,0.8075917,
13.66582,0.1061668,1.697359,0.2625968,-0.4708029,-0.04180709,0.3571609,0.8056259,
13.69905,0.09967113,1.69499,0.2608857,-0.4722492,-0.04577238,0.3634329,0.8017495,
13.73228,0.09483083,1.693408,0.2592488,-0.4737428,-0.04815546,0.368826,0.7982582,
13.76552,0.09327164,1.6929,0.2586968,-0.474263,-0.04876275,0.3708175,0.7969888,
13.7989,0.09150836,1.691946,0.2585599,-0.4744194,-0.04864431,0.3748115,0.7950323,
13.83258,0.09094875,1.691218,0.2590725,-0.4739661,-0.04778725,0.3779035,0.7938902,
13.86522,0.09104075,1.69077,0.2597324,-0.473355,-0.04693273,0.3796726,0.7934615,
13.89845,0.09225424,1.68977,0.2619873,-0.4712326,-0.04418757,0.3834677,0.7930573,
13.93211,0.09338872,1.689444,0.2632893,-0.4700067,-0.04247815,0.3849282,0.7931706,
13.96518,0.09669414,1.689098,0.2662565,-0.4672035,-0.03826732,0.387251,0.79391,
13.9983,0.1013694,1.689403,0.2693382,-0.4642707,-0.03338457,0.3878587,0.7955526,
14.03138,0.107651,1.690438,0.2725285,-0.4612236,-0.02728155,0.387191,0.7978795,
14.06462,0.1111338,1.690881,0.2743828,-0.4593898,-0.02404668,0.3867004,0.7992782,
14.0981,0.1185739,1.691779,0.2782253,-0.4554722,-0.01788196,0.3843713,0.8027977,
14.13121,0.1223096,1.692255,0.2800325,-0.45359,-0.01495285,0.3828539,0.8046462,
14.16444,0.1297919,1.693117,0.2835859,-0.4498101,-0.009215913,0.3796227,0.8083766,
14.19755,0.1362478,1.693698,0.2866624,-0.446449,-0.004577389,0.3763842,0.8117865,
14.23116,0.1390925,1.694077,0.2878166,-0.4451706,-0.002563338,0.3747391,0.8132572,
14.26418,0.1438281,1.694575,0.2898273,-0.442913,0.0008544725,0.3722374,0.8156388,
14.29737,0.1469559,1.695081,0.2908968,-0.441693,0.003234762,0.37059,0.8170434,
14.33102,0.148197,1.695501,0.2910513,-0.4415093,0.004272321,0.3698573,0.8174698,
14.36425,0.1501557,1.696318,0.2910987,-0.441439,0.005736902,0.3682014,0.8182459,
14.39722,0.15155,1.697562,0.2903316,-0.4422904,0.006896502,0.3664902,0.8185455,
14.43018,0.1521359,1.698147,0.2899305,-0.4427367,0.007324003,0.3655904,0.8187028,
14.46342,0.1529421,1.699424,0.2888042,-0.4439964,0.00793399,0.3638635,0.8187842,
14.49723,0.1535283,1.700886,0.2873281,-0.4456467,0.008422204,0.3620955,0.8186666,
14.52993,0.1537709,1.701615,0.2865602,-0.4465028,0.008666436,0.3613034,0.8185475,
14.56311,0.1543248,1.703015,0.28512,-0.4481028,0.009154892,0.3596663,0.8183888,
14.59706,0.1550797,1.704565,0.2835822,-0.4498066,0.009582058,0.357404,0.8184404,
14.62958,0.1557322,1.705371,0.2829079,-0.4505516,0.009765434,0.3557051,0.8187684,
14.66281,0.156888,1.706629,0.2819162,-0.4516414,0.0101925,0.3530737,0.8193017,
14.69624,0.1578924,1.707548,0.2812644,-0.4523637,0.01013116,0.3501973,0.820138,
14.72928,0.1581785,1.707836,0.2810447,-0.4526092,0.01000919,0.349161,0.8204458,
14.76252,0.1582503,1.707955,0.2809303,-0.4527524,0.009216201,0.3474683,0.8210945,
14.79575,0.1579161,1.708007,0.2806944,-0.4530317,0.008239175,0.3462278,0.8214747,
14.82913,0.1576269,1.708021,0.2805287,-0.4532262,0.007567972,0.3455041,0.8216786,
14.86224,0.1570006,1.708233,0.2799377,-0.4539006,0.00604228,0.3436144,0.8221112,
14.89545,0.1557028,1.708415,0.2790349,-0.454917,0.003966947,0.3419505,0.8222558,
14.92943,0.1548965,1.70857,0.2784147,-0.4556066,0.002807528,0.3411099,0.822228,
14.96191,0.1525451,1.708497,0.2772657,-0.4568745,6.103183E-05,0.3403672,0.8218369,
14.99564,0.1495751,1.708484,0.2756777,-0.4586001,-0.002868521,0.3403186,0.8208904,
15.02838,0.1478862,1.708512,0.2747112,-0.4596406,-0.004394378,0.340504,0.8202245,
15.06209,0.1442823,1.708709,0.2724251,-0.4620816,-0.007446061,0.341114,0.8185759,
15.09508,0.1424261,1.708854,0.2711644,-0.4634157,-0.009032753,0.3413518,0.8177062,
15.12808,0.1386244,1.70935,0.2682631,-0.4664616,-0.01226728,0.3416527,0.8158042,
15.16131,0.1346593,1.709528,0.2656064,-0.469203,-0.01556279,0.3424425,0.8138425,
15.1951,0.1305244,1.709781,0.2626554,-0.4722072,-0.01910304,0.3430018,0.8117914,
15.22799,0.1285146,1.70985,0.2612612,-0.4736145,-0.02069009,0.3435536,0.8106986,
15.26101,0.1244418,1.709724,0.2587372,-0.4761202,-0.02392499,0.3448987,0.8085679,
15.29425,0.1225409,1.709555,0.2576821,-0.4771544,-0.02532859,0.3458118,0.8075249,
15.32796,0.1189142,1.709016,0.2559234,-0.4788443,-0.02801287,0.347751,0.8056008,
15.36121,0.115897,1.708253,0.2548524,-0.4798318,-0.03014975,0.3498342,0.8040326,
15.39413,0.1146346,1.707781,0.2546055,-0.4800306,-0.03106613,0.3508221,0.8034484,
15.42718,0.1123847,1.706829,0.254303,-0.4802446,-0.03258992,0.3528751,0.8023604,
15.4607,0.1106472,1.706002,0.2541813,-0.4803252,-0.03326265,0.3553919,0.8011729,
15.49366,0.1094012,1.705269,0.2542804,-0.4802092,-0.03344614,0.3578377,0.8001453,
15.52688,0.1088978,1.704949,0.2543512,-0.4801441,-0.03332381,0.3591774,0.7995892,
15.56011,0.1082608,1.70445,0.2545684,-0.4799474,-0.03289564,0.3614252,0.7987116,
15.5934,0.1077728,1.704231,0.2545077,-0.4800148,-0.03283513,0.3625286,0.7981734,
15.62659,0.1067664,1.703838,0.254299,-0.4802446,-0.03265104,0.364837,0.79699,
15.66005,0.1055439,1.703233,0.2542146,-0.4803283,-0.03271355,0.3672956,0.7958068,
15.69305,0.1049059,1.702852,0.2542576,-0.480271,-0.03289692,0.3683969,0.7953247,
15.72657,0.1031703,1.701998,0.254114,-0.4803783,-0.03350623,0.3710099,0.7940186,
15.76033,0.1010319,1.700773,0.2541553,-0.4802706,-0.03442276,0.3741338,0.7925776,
15.79325,0.0986594,1.699509,0.2540447,-0.4803281,-0.0352159,0.3778541,0.7907408,
15.82599,0.09664756,1.698265,0.2541631,-0.4801915,-0.03539794,0.3819927,0.7888249,
15.85922,0.09542561,1.69733,0.2544695,-0.4798992,-0.03503273,0.3854818,0.7873203,
15.89245,0.09518278,1.696995,0.2547312,-0.479653,-0.0346663,0.3868229,0.7868286,
15.92574,0.09572461,1.69703,0.2551116,-0.4793516,-0.03332388,0.3881686,0.7864075,
15.95951,0.09633216,1.69721,0.2553471,-0.4791521,-0.03265139,0.3881553,0.7865638,
15.99256,0.0979961,1.69774,0.2559321,-0.4786666,-0.03075961,0.3881576,0.7869345,
16.02564,0.09977503,1.698439,0.2563635,-0.4783115,-0.02923445,0.38719,0.7876849,
16.05862,0.1005553,1.698775,0.2565093,-0.4782032,-0.02850301,0.386835,0.7879518,
16.09248,0.1022447,1.699358,0.2570109,-0.4777636,-0.02703752,0.3860314,0.7886639,
16.12508,0.1035346,1.699561,0.2577108,-0.4770816,-0.02612137,0.3853516,0.7894397,
16.15846,0.1042814,1.69958,0.2582462,-0.4765466,-0.02563392,0.384997,0.7899516,
16.19164,0.1058496,1.69967,0.2592911,-0.4754976,-0.0247178,0.3840111,0.791092,
16.22478,0.1076751,1.699461,0.2609109,-0.4738533,-0.02349739,0.3834648,0.7923798,
16.25851,0.1087347,1.699235,0.2619805,-0.4727533,-0.02288699,0.3830974,0.793232,
16.29153,0.1116158,1.699076,0.2642467,-0.4704331,-0.02111699,0.3817539,0.7953054,
16.32448,0.1152083,1.698994,0.2668556,-0.4677584,-0.01861514,0.3804199,0.7975816,
16.35782,0.1173588,1.699065,0.268227,-0.4663441,-0.01721097,0.3793127,0.7989674,
16.39095,0.1217714,1.699295,0.2708628,-0.4636145,-0.01409883,0.3773124,0.8015599,
16.42418,0.1262978,1.699416,0.2736169,-0.4607294,-0.01055848,0.3759563,0.8039115,
16.45758,0.1289135,1.699521,0.2751205,-0.4591344,-0.00866637,0.3748509,0.8053617,
16.49077,0.133814,1.699892,0.2776322,-0.4564478,-0.004821389,0.37308,0.8077398,
16.52388,0.1389964,1.700533,0.2798666,-0.4540189,-0.000549298,0.3712592,0.8099588,
16.55711,0.1415211,1.701027,0.280688,-0.4531105,0.001708957,0.3704716,0.810826,
16.59051,0.1468806,1.702413,0.2819298,-0.4516941,0.00653044,0.3684472,0.8125124,
16.62358,0.1497288,1.703242,0.2824309,-0.4510921,0.009215988,0.3674775,0.8132597,
16.65681,0.1554205,1.704929,0.2833017,-0.4499898,0.0144036,0.3651552,0.8148395,
16.69061,0.1618195,1.707154,0.283725,-0.4493203,0.0196524,0.3610674,0.8169182,
16.72423,0.1674983,1.709301,0.2837536,-0.4490813,0.02392497,0.3564941,0.8189418,
16.75663,0.1697672,1.710238,0.2836286,-0.4491366,0.02545048,0.3542315,0.8198467,
16.78975,0.1734574,1.711747,0.2834041,-0.4492491,0.0277691,0.3502568,0.821416,
16.82327,0.1745786,1.712323,0.2831746,-0.4495119,0.02764817,0.3474028,0.8224877,
16.85671,0.1741358,1.712383,0.2828988,-0.4498631,0.02691496,0.346781,0.8225824,
16.88962,0.1719675,1.712504,0.281756,-0.451277,0.02435211,0.3458122,0.8222955,
16.92268,0.1702299,1.712448,0.2810229,-0.4521866,0.02245982,0.3455026,0.8219798,
16.956,0.1655762,1.712125,0.2792225,-0.454388,0.01757738,0.3452006,0.8210111,
16.98915,0.1598466,1.711637,0.2770059,-0.4570085,0.01171818,0.3451977,0.8196613,
17.02238,0.1567769,1.711266,0.2759078,-0.4582785,0.008544265,0.3452499,0.8189691,
17.05561,0.1500154,1.710471,0.2733265,-0.4611615,0.001892023,0.3459322,0.8171031,
17.08891,0.1433558,1.709864,0.2703697,-0.4643375,-0.004577463,0.3465442,0.8150319,
17.12208,0.1366427,1.709205,0.2672583,-0.4675634,-0.01122983,0.3469649,0.8129414,
17.15597,0.1334435,1.708787,0.265847,-0.4689817,-0.01446491,0.3471588,0.81199,
17.18902,0.1267021,1.707731,0.2629613,-0.4717891,-0.02130068,0.347708,0.8099756,
17.22178,0.123288,1.707067,0.2615994,-0.4730641,-0.02471822,0.3481912,0.8089267,
17.25501,0.1165127,1.705664,0.2588635,-0.4755629,-0.0312485,0.3496535,0.8066015,
17.28824,0.1098211,1.704256,0.2559888,-0.478138,-0.03735266,0.3516761,0.8039358,
17.32158,0.1067812,1.703778,0.2543929,-0.4795976,-0.03991554,0.352771,0.8024622,
17.35483,0.1013548,1.703063,0.2512376,-0.482515,-0.04406467,0.3552643,0.7993903,
17.38794,0.0992122,1.702918,0.249758,-0.483916,-0.0454682,0.3564829,0.7979211,
17.42139,0.09637854,1.703107,0.247223,-0.4863594,-0.04723825,0.3578273,0.7957277,
17.45441,0.09496814,1.703367,0.245703,-0.4878301,-0.0481544,0.3582588,0.7945777,
17.48764,0.09394622,1.703234,0.2450521,-0.4884363,-0.04876425,0.3589882,0.7938386,
17.52088,0.09349832,1.703112,0.2448554,-0.4886132,-0.04900777,0.3594109,0.7935233,
17.55411,0.09243971,1.702289,0.2451514,-0.4882547,-0.04955785,0.3610033,0.7929868,
17.58735,0.0909787,1.700936,0.2458559,-0.487464,-0.05022941,0.3635687,0.7922586,
17.6209,0.09023875,1.700069,0.2464622,-0.4867974,-0.05065713,0.364915,0.7920222,
17.65422,0.08872327,1.698305,0.2476682,-0.4854996,-0.05120479,0.3681985,0.7912636,
17.68731,0.08716376,1.696573,0.2487664,-0.484335,-0.05150937,0.3719175,0.7902176,
17.72028,0.08662465,1.695982,0.2491285,-0.4839868,-0.0512672,0.3737623,0.789576,
17.75431,0.08667235,1.695445,0.2499083,-0.483321,-0.04992503,0.3764521,0.7887916,
17.78745,0.08778065,1.695594,0.2506306,-0.4827713,-0.04797192,0.3777945,0.7886077,
17.82054,0.08878468,1.695809,0.2511683,-0.482334,-0.0467503,0.3780307,0.7888354,
17.85363,0.09101836,1.696308,0.2523195,-0.4813533,-0.04449174,0.3777833,0.789683,
17.88671,0.09355113,1.69715,0.2532194,-0.4806373,-0.04205191,0.3770027,0.7906254,
17.91978,0.09482995,1.697528,0.2537276,-0.4802137,-0.04083158,0.3766394,0.7911197,
17.95292,0.09723043,1.698126,0.2548112,-0.479286,-0.03838918,0.3763246,0.7919539,
17.987,0.1000549,1.698928,0.255917,-0.4783662,-0.03533734,0.3761382,0.7927403,
18.0196,0.1016472,1.699399,0.2564999,-0.4778756,-0.03368928,0.3758921,0.7932246,
18.05322,0.1052483,1.700719,0.25743,-0.4771498,-0.0299668,0.3750429,0.7942121,
18.08633,0.1096862,1.702571,0.2581924,-0.4765999,-0.02569448,0.3732114,0.7955537,
18.11939,0.1121385,1.703623,0.2585381,-0.4763534,-0.02343616,0.371989,0.7963431,
18.15248,0.1172059,1.705859,0.2590818,-0.4759907,-0.01873684,0.3694284,0.797875,
18.18574,0.1222853,1.708348,0.2591743,-0.4760589,-0.01391553,0.3667485,0.7991683,
18.21934,0.1248511,1.709718,0.2590207,-0.4762853,-0.01147379,0.36527,0.7997491,
18.25216,0.1306988,1.713071,0.2582319,-0.4772107,-0.006164168,0.3611886,0.8011085,
18.28525,0.1372235,1.716683,0.2573346,-0.4781889,-0.0008544501,0.3556969,0.8030034,
18.31857,0.1404256,1.718372,0.2569374,-0.4786024,0.001525802,0.3526962,0.8040789,
18.35228,0.1461851,1.721499,0.2559713,-0.4795843,0.005248739,0.3462309,0.8062851,
18.38525,0.1504411,1.723146,0.256114,-0.4794074,0.007384877,0.3411086,0.8085536,
18.41818,0.1521678,1.721178,0.2599241,-0.4754345,0.006164184,0.3382969,0.8120834,
18.45141,0.1564371,1.725623,0.2559551,-0.4795281,0.009887198,0.3328073,0.8119079,
18.48532,0.1578297,1.722168,0.2616759,-0.4735672,0.007629315,0.330258,0.8164592,
18.51831,0.1567551,1.718692,0.2659409,-0.4690772,0.005065536,0.3312714,0.8186576,
18.55131,0.1567388,1.718608,0.2660474,-0.4689716,0.004272291,0.3300013,0.8192354,
18.58436,0.1557406,1.718371,0.2658328,-0.4692124,0.002624365,0.3290834,0.8194736,
18.61765,0.1550365,1.718423,0.265377,-0.4697023,0.001647847,0.3285352,0.8194155,
18.65088,0.1535013,1.718596,0.2642907,-0.4708601,-0.0001830778,0.3278017,0.8190463,
18.68409,0.1511002,1.718371,0.2632574,-0.4719484,-0.002685317,0.3277945,0.8184182,
18.71766,0.1496943,1.718138,0.2627809,-0.4724435,-0.004028013,0.3281044,0.8180028,
18.75051,0.1467659,1.71762,0.2618099,-0.4734396,-0.006713709,0.3289724,0.8170601,
18.78437,0.1451327,1.717278,0.2613266,-0.4739257,-0.008239484,0.3294592,0.816568,
18.81702,0.1420878,1.716707,0.2603026,-0.474952,-0.01086367,0.3306721,0.81545,
18.85021,0.1388747,1.716053,0.2592534,-0.4759812,-0.01373197,0.3318258,0.8143372,
18.88344,0.1355028,1.715695,0.2576412,-0.4775806,-0.01660088,0.3329332,0.812894,
18.91668,0.1338048,1.715443,0.2569118,-0.4782974,-0.01788201,0.3338377,0.8120741,
18.94991,0.1301173,1.714982,0.2551603,-0.4800251,-0.02038503,0.3361702,0.8100309,
18.98324,0.1282159,1.714791,0.2541667,-0.481003,-0.02166681,0.3373307,0.8089343,
19.01649,0.1246517,1.714679,0.2519031,-0.4832468,-0.02386327,0.3395789,0.8065912,
19.04968,0.1215465,1.714844,0.2494967,-0.48564,-0.0256339,0.34148,0.8042936,
19.08285,0.1200407,1.714908,0.2483311,-0.4867961,-0.02642708,0.342515,0.8031281,
19.11615,0.1172755,1.714851,0.2464117,-0.488696,-0.02764821,0.3449619,0.8008827,
19.14975,0.1147904,1.714515,0.2450679,-0.4900131,-0.02862324,0.3476292,0.798888,
19.18295,0.113823,1.714324,0.2446254,-0.4904537,-0.02880709,0.3490424,0.7979943,
19.21579,0.1126689,1.714044,0.2441682,-0.4909408,-0.02844085,0.351727,0.7965277,
19.24966,0.1124189,1.714032,0.2439978,-0.4911836,-0.02722012,0.3541062,0.7953657,
19.28224,0.1128072,1.714153,0.244112,-0.4911204,-0.0262435,0.3549592,0.7950572,
19.31547,0.1144639,1.714666,0.2446018,-0.4907607,-0.02349736,0.3563066,0.7947625,
19.34945,0.116955,1.71529,0.2455308,-0.4899528,-0.02038422,0.3568453,0.7951052,
19.38264,0.1184599,1.71564,0.2461173,-0.489422,-0.01867602,0.3569199,0.7954405,
19.41533,0.1215447,1.716555,0.246998,-0.4886382,-0.01531953,0.3566217,0.7961276,
19.44877,0.1246992,1.717553,0.2477622,-0.4879495,-0.01196224,0.3561207,0.7968314,
19.48182,0.126128,1.717962,0.2481586,-0.4875755,-0.0105583,0.3557489,0.7972461,
19.51496,0.128858,1.718847,0.248736,-0.4870349,-0.007812043,0.3550229,0.7979316,
19.54811,0.1311614,1.719686,0.2490623,-0.4867301,-0.005614934,0.3541076,0.7985425,
19.58134,0.1321353,1.72005,0.2491809,-0.486618,-0.004699546,0.3536876,0.7988029,
19.61458,0.133733,1.720713,0.2492664,-0.4865416,-0.003295708,0.352761,0.799266,
19.64851,0.1349524,1.721213,0.2493351,-0.4864767,-0.002319211,0.3519037,0.7996868,
19.68158,0.1353817,1.72129,0.2495033,-0.4863048,-0.002075115,0.3515457,0.7999494,
19.71428,0.1364815,1.72141,0.2500431,-0.4857512,-0.001647843,0.3503829,0.8007965,
19.74751,0.1373472,1.721433,0.2505697,-0.4852094,-0.001464798,0.3492897,0.8016024,
19.78082,0.1379452,1.721406,0.2509941,-0.4847724,-0.001281653,0.3486724,0.8021357,
19.81398,0.1395315,1.721656,0.25164,-0.4841066,-0.000915461,0.3464793,0.8034875,
19.84721,0.1413867,1.722371,0.2517633,-0.4839799,-0.0004272192,0.3435464,0.8048225,
19.88074,0.1424724,1.722762,0.2518691,-0.4838708,-0.0001831139,0.3417856,0.8056375,
19.91368,0.1445315,1.723756,0.2516841,-0.4840618,0.000183136,0.3380071,0.8071155,
19.94691,0.1455342,1.724244,0.2515797,-0.4841696,0.0001830988,0.335861,0.8079463,
19.9807,0.1472729,1.724848,0.2517478,-0.4839961,-5.090948E-09,0.3320836,0.80961,
20.01361,0.1485834,1.725261,0.2519284,-0.483809,-0.0006103405,0.3284798,0.8111902,
20.04661,0.1495372,1.725483,0.2521698,-0.4835577,-0.001464767,0.3252403,0.8126429,
20.07984,0.1497659,1.72558,0.2521641,-0.4835616,-0.002014078,0.3238392,0.8131988,
20.11353,0.1498553,1.725857,0.2518072,-0.4839231,-0.00335673,0.3211506,0.8140452,
20.14631,0.1497892,1.725955,0.2516237,-0.4841069,-0.004089144,0.3199305,0.8144129,
20.1799,0.1493152,1.726213,0.2509578,-0.4847783,-0.005675919,0.3177945,0.8148401,
20.21286,0.1482927,1.726534,0.2498644,-0.4858808,-0.007445943,0.3162101,0.8147856,
20.24675,0.1477935,1.726856,0.2490812,-0.4866723,-0.008300375,0.3152934,0.8146603,
20.27981,0.1462359,1.727473,0.2471954,-0.4885688,-0.01025356,0.3140145,0.8139966,
20.31271,0.1453031,1.727721,0.2462406,-0.4895235,-0.01122954,0.3136954,0.8135329,
20.34578,0.143068,1.727877,0.2445914,-0.491145,-0.01361071,0.3132903,0.812675,
20.37894,0.1404545,1.727644,0.2432643,-0.4924166,-0.01617384,0.3135891,0.8117427,
20.41218,0.1371258,1.726671,0.2425641,-0.4930222,-0.0191032,0.3151729,0.8106974,
20.44572,0.135336,1.725771,0.242745,-0.4927721,-0.02075081,0.3162677,0.8103825,
20.47884,0.131469,1.723909,0.2429577,-0.4924093,-0.02398567,0.3190774,0.8094116,
20.51193,0.1273886,1.722023,0.2429835,-0.492215,-0.02721981,0.3222436,0.8081723,
20.54511,0.1254795,1.721196,0.2428857,-0.4922346,-0.02862474,0.3238433,0.8074721,
20.57834,0.1221419,1.719699,0.2427502,-0.4922242,-0.03106534,0.3267051,0.8062345,
20.61194,0.1196584,1.718385,0.2429152,-0.4919213,-0.03314055,0.3285986,0.8055669,
20.64481,0.1185181,1.717779,0.2429852,-0.4917918,-0.03399455,0.3296311,0.8051885,
20.67804,0.1166739,1.716806,0.2430741,-0.4916198,-0.03515491,0.3316527,0.8044132,
20.71128,0.1152101,1.715951,0.2432565,-0.4913768,-0.03594847,0.3335454,0.8037438,
20.74479,0.1146555,1.71568,0.2432421,-0.491378,-0.03613165,0.3344006,0.8033794,
20.77788,0.1138892,1.7154,0.2430815,-0.4915505,-0.03600879,0.3361024,0.8025688,
20.81098,0.1139055,1.715526,0.242907,-0.4917941,-0.03509326,0.3374448,0.8018965,
20.84421,0.114182,1.715562,0.243062,-0.4916839,-0.03442271,0.3380632,0.8017327,
20.87779,0.1149351,1.715712,0.2434053,-0.4914269,-0.03307919,0.3389089,0.8015898,
20.91068,0.1163024,1.71619,0.2437154,-0.4912467,-0.03100423,0.3396432,0.8014724,
20.94392,0.1171011,1.716345,0.2440772,-0.4909464,-0.02990596,0.3400127,0.8015414,
20.97775,0.1190091,1.716659,0.245014,-0.4901412,-0.027342,0.340859,0.8017663,
21.01038,0.120209,1.716804,0.2456704,-0.4895539,-0.02581736,0.3413022,0.8019871,
21.04362,0.1232383,1.717052,0.2474717,-0.4878881,-0.02221556,0.3421442,0.8027509,
21.07705,0.1272094,1.717279,0.2499023,-0.4855719,-0.01782141,0.3428176,0.8039767,
21.11008,0.1295684,1.71751,0.251168,-0.4843524,-0.01531912,0.3429406,0.804711,
21.14353,0.1348474,1.718027,0.2539043,-0.4816617,-0.009887101,0.3429368,0.806411,
21.17693,0.1406767,1.718993,0.2562082,-0.4793476,-0.004211192,0.3419639,0.8082505,
21.20978,0.146233,1.720313,0.2576984,-0.4778074,0.001281638,0.340733,0.809691,
21.24362,0.1489267,1.721158,0.2580823,-0.4773908,0.003967148,0.3399472,0.8102582,
21.27625,0.1535358,1.723089,0.2579765,-0.4774459,0.008300284,0.3376238,0.8111638,
21.30975,0.155654,1.724068,0.2577661,-0.4776296,0.01019219,0.3362814,0.8115916,
21.34271,0.1586828,1.725967,0.2567056,-0.4786737,0.01287779,0.3337839,0.8119692,
21.37666,0.1602774,1.727798,0.2549106,-0.4805143,0.01397665,0.331044,0.8119856,
21.40918,0.1605191,1.728567,0.2539108,-0.4815535,0.01397669,0.3298245,0.8118662,
21.44255,0.1600055,1.729696,0.2519517,-0.4836236,0.0125117,0.3270135,0.8117967,
21.47593,0.1592153,1.730041,0.2509932,-0.4846477,0.01110768,0.3256008,0.8117743,
21.50888,0.1544549,1.730013,0.2483054,-0.4875173,0.004638397,0.322672,0.8112879,
21.54265,0.1522135,1.729644,0.2475412,-0.488319,0.001831003,0.3220671,0.8110574,
21.57534,0.1471861,1.728306,0.2465226,-0.4893467,-0.004150084,0.3217555,0.8105529,
21.60858,0.1444488,1.727521,0.2460087,-0.4898353,-0.007262632,0.3218778,0.8101873,
21.6426,0.1388426,1.725954,0.2447911,-0.4909365,-0.01379309,0.3218184,0.8094591,
21.67505,0.1336105,1.724351,0.2437454,-0.4917913,-0.01989619,0.3218798,0.8087885,
21.7086,0.1310146,1.723392,0.2434305,-0.4919814,-0.02288714,0.3221284,0.8084948,
21.74219,0.1260379,1.721252,0.2431971,-0.4919218,-0.02856315,0.322984,0.808009,
21.77512,0.1215842,1.719218,0.2430693,-0.491748,-0.03338542,0.3242717,0.8074139,
21.8083,0.1175784,1.717226,0.2431183,-0.4913894,-0.03765833,0.3256805,0.8068771,
21.84122,0.1158906,1.71622,0.2433643,-0.4910051,-0.03936585,0.326584,0.8066643,
21.87445,0.1130231,1.714137,0.2442997,-0.4898286,-0.0420498,0.3288309,0.8063312,
21.90803,0.1117698,1.713034,0.2449743,-0.4890438,-0.04314919,0.3301183,0.8062235,
21.94118,0.1098682,1.710904,0.2466388,-0.4872183,-0.04449232,0.3330515,0.8060493,
21.97415,0.1085614,1.708816,0.2486525,-0.4850965,-0.04504296,0.3362962,0.8059512,
22.00738,0.1082858,1.707869,0.249795,-0.4839289,-0.04492014,0.3378775,0.8059987,
22.04062,0.1081644,1.706259,0.2519769,-0.4817258,-0.04430927,0.3406808,0.8061721,
22.07409,0.1084186,1.705126,0.253749,-0.4799611,-0.04345528,0.3428207,0.8063641,
22.10715,0.1086689,1.704795,0.2543939,-0.4793384,-0.0429049,0.3436662,0.8064041,
22.14032,0.109361,1.704664,0.2550885,-0.4787264,-0.04162307,0.3448246,0.8063403,
22.17355,0.1097794,1.704805,0.2552021,-0.4786657,-0.04095179,0.3451301,0.8062799,
22.20709,0.1109258,1.705163,0.2555479,-0.4784374,-0.03936623,0.3455687,0.8063066,
22.24078,0.1119874,1.705482,0.2558825,-0.4782012,-0.03796306,0.3458795,0.8063807,
22.27394,0.1126045,1.705946,0.255689,-0.478494,-0.03680249,0.3463589,0.8060549,
22.30697,0.1131604,1.706406,0.2554538,-0.4788047,-0.03594853,0.3464239,0.8058811,
22.33972,0.1140907,1.707319,0.2548571,-0.4795394,-0.03442282,0.3465476,0.8054576,
22.37326,0.1153665,1.70897,0.2534675,-0.4811136,-0.03259094,0.3458672,0.8048872,
22.40621,0.1162329,1.709769,0.252966,-0.4817077,-0.03149129,0.3454893,0.804738,
22.4399,0.1178507,1.710748,0.252739,-0.4820518,-0.02978492,0.3447237,0.8049251,
22.47299,0.118863,1.711372,0.2525736,-0.4822789,-0.02886832,0.3439793,0.8051409,
22.50606,0.1208171,1.712253,0.252701,-0.4822701,-0.02673174,0.3434846,0.8054311,
22.53912,0.1228578,1.712978,0.2530931,-0.4819771,-0.02459631,0.3430051,0.8058788,
22.57235,0.1239519,1.713425,0.2532132,-0.4819044,-0.02355812,0.3425086,0.8061645,
22.60559,0.1263625,1.714382,0.2534993,-0.481726,-0.02099503,0.3419016,0.8065995,
22.63882,0.1290143,1.714984,0.2544259,-0.480859,-0.01867525,0.3408552,0.8076161,
22.67212,0.1313335,1.715328,0.2554707,-0.4798348,-0.01696691,0.3395829,0.808798,
22.70528,0.1324292,1.715317,0.2562011,-0.4791046,-0.01605145,0.3393404,0.8093511,
22.73906,0.1340348,1.715711,0.256682,-0.4786604,-0.01422003,0.3393894,0.8096276,
22.77175,0.1345696,1.715877,0.2567899,-0.4785619,-0.01373252,0.3391619,0.8097895,
22.80527,0.1350231,1.716395,0.2563472,-0.4790312,-0.01348784,0.338294,0.8098792,
22.83906,0.1351698,1.71672,0.2559797,-0.4794163,-0.01342728,0.3378192,0.8098506,
22.87145,0.13499,1.716706,0.2558832,-0.4795135,-0.01354861,0.3379238,0.8097474,
22.90468,0.1336299,1.715919,0.2561266,-0.4792292,-0.01458682,0.3392201,0.8093555,
22.93792,0.1328914,1.715589,0.2561162,-0.479225,-0.015075,0.3399495,0.809043,
22.97115,0.1305315,1.715109,0.255254,-0.4800817,-0.01635666,0.3421482,0.807582,
23.00507,0.128475,1.714713,0.2544516,-0.4808736,-0.01757731,0.3438561,0.8063589,
23.03762,0.1265938,1.714353,0.253697,-0.4815947,-0.01922473,0.3445193,0.8056075,
23.07108,0.1256213,1.714172,0.253293,-0.4819662,-0.02038454,0.3443401,0.8054335,
23.10417,0.1231181,1.713601,0.2523865,-0.4827702,-0.02337557,0.3439814,0.8050238,
23.13788,0.121201,1.713305,0.2514701,-0.4836233,-0.02526745,0.3442247,0.8043504,
23.17055,0.1158231,1.71232,0.2490288,-0.4858661,-0.03008817,0.3458615,0.8021277,
23.20378,0.1094285,1.71071,0.2465854,-0.4879958,-0.03570258,0.3484202,0.7994928,
23.23702,0.1059883,1.709634,0.2454951,-0.4888743,-0.03881698,0.3498412,0.7981894,
23.27025,0.09877774,1.707234,0.2432445,-0.490577,-0.04571305,0.3523391,0.7956769,
23.30348,0.09220552,1.705125,0.2408637,-0.4924,-0.05175452,0.3548966,0.7930398,
23.337,0.08897652,1.70383,0.2399958,-0.4929574,-0.05474589,0.3563673,0.7918323,
23.37012,0.0824528,1.701326,0.2379212,-0.494374,-0.06060662,0.3594892,0.7891063,
23.40348,0.07713054,1.698982,0.2365125,-0.495272,-0.06475455,0.3633215,0.786454,
23.43722,0.07488126,1.697827,0.2361144,-0.4955128,-0.06597473,0.3659434,0.784984,
23.46965,0.07177183,1.696215,0.2355419,-0.4958766,-0.06756128,0.3697255,0.7828441,
23.50288,0.07151404,1.696108,0.2354533,-0.4961224,-0.06640192,0.3720461,0.7816873,
23.53613,0.07224722,1.696458,0.2356375,-0.4961306,-0.06493825,0.3729066,0.781395,
23.56935,0.07597269,1.698561,0.2360568,-0.4963083,-0.06017702,0.3727195,0.7817526,
23.60258,0.08185014,1.701467,0.2371733,-0.4958923,-0.05401411,0.3707139,0.7834184,
23.63614,0.08540457,1.70305,0.2380198,-0.4954114,-0.05047486,0.3693766,0.7845895,
23.66936,0.09324543,1.706323,0.2399883,-0.4941205,-0.04308902,0.365952,0.7874436,
23.70234,0.09720416,1.707799,0.2411295,-0.4932561,-0.0396094,0.3639915,0.7890753,
23.73623,0.1052699,1.710574,0.2435626,-0.4913076,-0.03246899,0.3602719,0.7923173,
23.76926,0.1127573,1.712717,0.2461838,-0.4890066,-0.0262447,0.3565622,0.7956427,
23.80199,0.1197437,1.714443,0.2487943,-0.4866083,-0.02044575,0.3533144,0.7987261,
23.83539,0.1230257,1.71503,0.2502683,-0.485195,-0.01782098,0.3518426,0.800297,
23.86875,0.1289716,1.716132,0.2527556,-0.4827671,-0.01342714,0.3484956,0.8033097,
23.90177,0.134191,1.717071,0.2548489,-0.4806838,-0.009703976,0.345316,0.8059813,
23.9353,0.1364115,1.717362,0.2558572,-0.4796613,-0.008239493,0.3438621,0.8072274,
23.96861,0.1397108,1.717436,0.2578226,-0.4776337,-0.006591396,0.341167,0.8095849,
24.00171,0.1412369,1.717403,0.2588087,-0.4766037,-0.006347394,0.3390972,0.8110622,
24.03462,0.1413703,1.717467,0.2587991,-0.4766087,-0.006713689,0.3381853,0.811437,
24.06799,0.1407124,1.717558,0.2582685,-0.4771411,-0.008239185,0.3365865,0.8117746,
24.10109,0.1383704,1.71724,0.2572669,-0.4781314,-0.01110795,0.3359249,0.8114318,
24.13469,0.1367988,1.716906,0.2567513,-0.478626,-0.01287807,0.3358684,0.8111374,
24.16776,0.1329097,1.716053,0.2554694,-0.4798383,-0.01690597,0.3363507,0.8101466,
24.20098,0.130776,1.715693,0.2545847,-0.4806843,-0.01891977,0.336833,0.8094,
24.23401,0.1262123,1.714828,0.2527586,-0.4823877,-0.02331379,0.3378056,0.8078651,
24.26725,0.1216567,1.71408,0.2506779,-0.4843011,-0.02783128,0.338431,0.8063141,
24.30089,0.1173089,1.713369,0.2485954,-0.4861911,-0.03198138,0.339284,0.8046625,
24.33466,0.1152283,1.713057,0.2475258,-0.4871493,-0.03405527,0.3395153,0.8038999,
24.36711,0.1113775,1.712565,0.2453648,-0.4890983,-0.03765584,0.3402449,0.8022458,
24.40115,0.1096667,1.71233,0.2444045,-0.4899643,-0.03912143,0.3408023,0.8014102,
24.43386,0.1067466,1.711922,0.24274,-0.4914336,-0.04186819,0.3413548,0.8001357,
24.46699,0.104891,1.711685,0.2416253,-0.4923967,-0.0438201,0.3413454,0.7994428,
24.49988,0.1042671,1.711476,0.2414379,-0.4925213,-0.04455276,0.3413472,0.7993247,
24.53312,0.1031629,1.71076,0.2416146,-0.4922241,-0.0458351,0.3417188,0.7992765,
24.56635,0.102634,1.710277,0.2419039,-0.4918613,-0.04656774,0.3418434,0.7994042,
24.59958,0.1018912,1.709515,0.2424279,-0.4912584,-0.0473009,0.3425809,0.7994162,
24.63281,0.1012485,1.708671,0.2431476,-0.4904541,-0.04803229,0.3432446,0.7995816,
24.6661,0.1006987,1.707799,0.2439757,-0.4895489,-0.04864358,0.3439842,0.7997816,
24.69928,0.1004201,1.707399,0.244333,-0.4891537,-0.0489458,0.3443301,0.7998562,
24.73296,0.099767,1.706545,0.2450429,-0.4883721,-0.0494963,0.3453149,0.7998753,
24.7663,0.09946081,1.706142,0.2453772,-0.4880048,-0.04974032,0.3458023,0.7998738,
24.79898,0.09881729,1.705463,0.2458345,-0.4875297,-0.04980266,0.3473985,0.7994679,
24.83318,0.09877586,1.70491,0.246592,-0.4867773,-0.04955658,0.3484218,0.7994962,
24.86545,0.09912047,1.704414,0.2475738,-0.485805,-0.0491908,0.348974,0.7998693,
24.89869,0.09930436,1.704213,0.2480053,-0.4853852,-0.0489474,0.3492845,0.8000036,
24.93208,0.09952568,1.704067,0.2483892,-0.4850325,-0.0485215,0.3497825,0.8000259,
24.9654,0.09966081,1.704279,0.2481963,-0.4852678,-0.04815444,0.3499592,0.7998281,
24.99851,0.09973615,1.704383,0.248108,-0.485383,-0.04790967,0.3501374,0.7996949,
25.03162,0.09986582,1.704685,0.2477824,-0.4857602,-0.04748349,0.3503283,0.7994076,
25.06485,0.09995835,1.704895,0.2475583,-0.4860086,-0.04730081,0.3502705,0.7992928,
25.09809,0.1002726,1.705269,0.2472755,-0.4863759,-0.04650756,0.3506984,0.7989282,
25.13133,0.1004063,1.705601,0.2469094,-0.4867757,-0.04626074,0.3505566,0.7987612,
25.16455,0.1008232,1.706076,0.246561,-0.4872024,-0.04552834,0.3506174,0.7985164,
25.19851,0.1009606,1.706236,0.2464406,-0.4873484,-0.04528644,0.3506345,0.7984335,
25.23102,0.1013298,1.706687,0.2460867,-0.4877734,-0.0446149,0.350694,0.7981857,
25.26463,0.1015159,1.706637,0.2463067,-0.4876417,-0.04357648,0.3521518,0.7976815,
25.2977,0.101646,1.70655,0.246535,-0.487467,-0.04290586,0.3531343,0.7973902,
25.33071,0.1025236,1.706655,0.2470773,-0.4870373,-0.04144083,0.3540481,0.7973251,
25.36397,0.1046951,1.707419,0.2476825,-0.4866028,-0.0391821,0.3535545,0.7979234,
25.39718,0.1061248,1.708127,0.2477757,-0.4866038,-0.03796157,0.3525787,0.7984135,
25.43042,0.109583,1.709949,0.2478017,-0.4867923,-0.03509343,0.3499582,0.7995818,
25.46365,0.112563,1.711701,0.2475149,-0.4872111,-0.03332296,0.3463513,0.8009717,
25.49701,0.1135002,1.712416,0.2471764,-0.4875874,-0.03289644,0.3448327,0.8014156,
25.53012,0.1142057,1.713274,0.2464525,-0.4883209,-0.03301854,0.3426364,0.8019058,
25.56335,0.1133194,1.713398,0.2456096,-0.4891035,-0.03417742,0.3420185,0.801644,
25.59688,0.1124498,1.713158,0.245306,-0.4893491,-0.035093,0.3421415,0.801402,
25.62982,0.1104865,1.712486,0.2448021,-0.489706,-0.03722838,0.3424403,0.8009598,
25.67225,0.1086615,1.71198,0.2441437,-0.4902254,-0.03918381,0.3426451,0.8004612,
25.70549,0.1073141,1.71224,0.2427146,-0.4915569,-0.04070872,0.3420269,0.7998326,
25.73873,0.106749,1.712381,0.242063,-0.4921684,-0.04131921,0.3417836,0.7995293,
25.77196,0.1057553,1.712653,0.2408738,-0.4932556,-0.04272193,0.3407992,0.7992057,
25.80519,0.1046645,1.712566,0.2401351,-0.4938694,-0.04424809,0.3401304,0.7990284,
25.83854,0.1039846,1.712239,0.2400781,-0.4938555,-0.0450402,0.3402428,0.7989449,
25.8726,0.1022466,1.71155,0.2397031,-0.494053,-0.04699461,0.3404967,0.798602,
25.90489,0.1007293,1.711138,0.2390813,-0.4945524,-0.04833834,0.3411149,0.7979487,
25.93812,0.1002284,1.710807,0.2391649,-0.494426,-0.04876512,0.3415391,0.7978195,
25.97161,0.09933138,1.710394,0.2390444,-0.4944321,-0.04992534,0.3414822,0.7977684,
26.00468,0.09898823,1.710431,0.2387059,-0.4947311,-0.05035195,0.3412949,0.7976363,
26.03824,0.09886095,1.710564,0.2384005,-0.4950273,-0.0504731,0.3411666,0.7974998,
26.0713,0.09868385,1.710848,0.2378292,-0.4955852,-0.05065703,0.3408674,0.7972695,
26.10436,0.09854296,1.710888,0.2376513,-0.4957646,-0.05065675,0.3410479,0.7970807,
26.13753,0.09821308,1.710872,0.2374001,-0.4959993,-0.05083887,0.3412856,0.7968214,
26.17076,0.09799741,1.710727,0.2374385,-0.4959418,-0.05102224,0.3414712,0.7967659,
26.20399,0.09770258,1.710774,0.2371209,-0.4962431,-0.05120491,0.3415905,0.7965155,
26.2377,0.09767856,1.710928,0.2368697,-0.496496,-0.05120587,0.3414745,0.7964075,
26.27046,0.09780161,1.711184,0.2365858,-0.4967944,-0.05108311,0.3412258,0.7963358,
26.30373,0.09821682,1.711978,0.2357326,-0.4976461,-0.05114393,0.3396981,0.7964534,
26.33692,0.09837225,1.712276,0.2354116,-0.4979684,-0.05114566,0.3391605,0.7964809,
26.37078,0.09787884,1.712706,0.2343396,-0.4989809,-0.05175339,0.3385332,0.7960747,
26.40344,0.0975486,1.712824,0.2338793,-0.4994166,-0.05199841,0.3385389,0.795783,
26.43685,0.09649183,1.712867,0.2329117,-0.5002626,-0.05315708,0.338289,0.7952812,
26.46998,0.09489004,1.712793,0.2316442,-0.5013638,-0.05468309,0.338413,0.7944311,
26.50311,0.09382069,1.712566,0.2310647,-0.5018675,-0.05535607,0.3392168,0.7937233,
26.53632,0.09194921,1.712046,0.2302263,-0.5025454,-0.05676061,0.3403809,0.7926962,
26.57011,0.09046027,1.711255,0.2301303,-0.5025437,-0.05761487,0.3420886,0.7919,
26.60279,0.09002849,1.71081,0.2304343,-0.5022274,-0.05773562,0.3429965,0.7916993,
26.63603,0.08958936,1.710245,0.2309148,-0.5017486,-0.0577368,0.3442235,0.7914702,
26.66926,0.0901579,1.710205,0.2314819,-0.5013223,-0.05651617,0.3453229,0.7913495,
26.70305,0.09073168,1.710193,0.2320076,-0.5008934,-0.05566157,0.3458099,0.791469,
26.73611,0.09220436,1.710124,0.2334056,-0.4996637,-0.05413478,0.3460477,0.7922478,
26.76899,0.09323001,1.710185,0.2342043,-0.4989947,-0.05291441,0.3463545,0.7926178,
26.80219,0.09355709,1.710252,0.2343848,-0.4988844,-0.05224425,0.3468511,0.7925145,
26.83543,0.09351924,1.710029,0.2346909,-0.4986349,-0.05169448,0.3480068,0.7922009,
26.8694,0.09331676,1.710056,0.2344749,-0.4988767,-0.05145009,0.3486766,0.7917699,
26.90232,0.09338833,1.710107,0.2344595,-0.4989299,-0.05108307,0.3490984,0.7915743,
26.93535,0.09400009,1.710079,0.2350293,-0.4984019,-0.05065799,0.3488691,0.7920352,
26.96836,0.09464554,1.710259,0.2353102,-0.498089,-0.05096247,0.3472158,0.7929385,
27.00159,0.0950537,1.710318,0.2355698,-0.4978285,-0.05096073,0.3465331,0.7934008,
27.03483,0.09504855,1.709862,0.2362525,-0.4970539,-0.0518171,0.3456307,0.7942241,
27.06806,0.09479925,1.709555,0.2365023,-0.4967449,-0.05236597,0.3454449,0.7944622,
27.1013,0.09452654,1.708925,0.2372152,-0.4959361,-0.05321883,0.345129,0.7950478,
27.13453,0.09391452,1.708183,0.2378044,-0.4952156,-0.0543797,0.3449543,0.7954941,
27.16867,0.09343803,1.70784,0.2379096,-0.4950351,-0.05505131,0.3449561,0.7955595,
27.20099,0.09327619,1.707823,0.2377968,-0.4951424,-0.05511075,0.345129,0.7954136,
27.23482,0.0930196,1.708358,0.236779,-0.4961826,-0.05498895,0.3451917,0.7947463,
27.26746,0.09315334,1.709136,0.2357249,-0.4972907,-0.05456278,0.3448932,0.7942126,
27.30069,0.09429465,1.711256,0.2334926,-0.4997331,-0.05267099,0.3440395,0.7931768,
27.33473,0.09662795,1.713568,0.2319461,-0.5015591,-0.04992398,0.3425103,0.7928637,
27.36768,0.09973079,1.715647,0.2313672,-0.5024071,-0.0471159,0.3401257,0.7935249,
27.40078,0.1012114,1.71639,0.2314591,-0.5024285,-0.04589724,0.3390415,0.7940466,
27.43399,0.1036391,1.717412,0.231894,-0.5021597,-0.04406409,0.337194,0.7951065,
27.46686,0.1049075,1.717761,0.2323986,-0.5017366,-0.04314895,0.3363423,0.7957842,
27.50026,0.1052764,1.717801,0.2326396,-0.5015067,-0.04302811,0.3359246,0.7961121,
27.53337,0.1052111,1.717472,0.2330983,-0.5010229,-0.04333372,0.3358667,0.7964244,
27.56656,0.1048752,1.717196,0.2332528,-0.5008315,-0.04376014,0.3359833,0.7964723,
27.59984,0.1040136,1.716648,0.2333934,-0.5005831,-0.04498048,0.3359192,0.7965875,
27.63372,0.1024103,1.715867,0.2332768,-0.5005259,-0.04687279,0.3361659,0.7964103,
27.6666,0.1004054,1.714931,0.2330491,-0.5005248,-0.04925293,0.3364093,0.7961645,
27.69967,0.0992225,1.71436,0.2329334,-0.5005249,-0.05041254,0.3369586,0.7958595,
27.73273,0.09661983,1.713134,0.2326095,-0.5005965,-0.05285502,0.3383085,0.7950829,
27.76615,0.09538469,1.712545,0.2324557,-0.5006397,-0.05389056,0.3391509,0.7946272,
27.79919,0.09307808,1.711389,0.2322326,-0.5006349,-0.05596514,0.3405514,0.7938875,
27.83243,0.09138167,1.710638,0.2318986,-0.5008166,-0.05730768,0.341771,0.7931527,
27.86587,0.09081149,1.710343,0.2318484,-0.5008176,-0.05773503,0.3422599,0.7929102,
27.8989,0.09018089,1.709943,0.2319034,-0.500699,-0.05828467,0.3427507,0.7927329,
27.93213,0.09000935,1.709869,0.2318648,-0.500723,-0.05840948,0.3428891,0.7926486,
27.96606,0.09023511,1.709792,0.2321832,-0.500455,-0.05797953,0.3432999,0.7926717,
27.99896,0.0909937,1.709681,0.2330216,-0.4997289,-0.05700378,0.3437925,0.792987,
28.03183,0.09247339,1.70958,0.2344665,-0.4984532,-0.05547861,0.3440408,0.79379,
28.06506,0.09327796,1.709577,0.2351665,-0.4978318,-0.05474501,0.3439721,0.7942605,
28.09862,0.09531306,1.710108,0.2361081,-0.4971093,-0.052671,0.3436127,0.7950085,
28.1317,0.09635514,1.71051,0.2363843,-0.4969401,-0.05163493,0.3432561,0.7953362,
28.16476,0.09850207,1.711668,0.2364423,-0.4971114,-0.04937542,0.3423935,0.7957444,
28.19899,0.1008931,1.7131,0.2362614,-0.4975298,-0.04693329,0.3411668,0.7961574,
28.23123,0.1030986,1.714636,0.2357382,-0.4982629,-0.04467518,0.3398246,0.7964029,
28.26468,0.1043022,1.715486,0.2354233,-0.4986814,-0.04351481,0.3389642,0.7965719,
28.29779,0.1062669,1.7171,0.2345372,-0.4997301,-0.0416238,0.3373239,0.7967119,
28.33092,0.107765,1.71867,0.2333141,-0.5010672,-0.04021965,0.3356723,0.7966418,
28.36443,0.1082457,1.719284,0.2327439,-0.5016699,-0.03979181,0.3349959,0.7965688,
28.39762,0.1087335,1.720315,0.23152,-0.5029169,-0.03942769,0.3337928,0.7963055,
28.43062,0.1087596,1.720675,0.230972,-0.5034568,-0.03948795,0.3332984,0.7961684,
28.46399,0.1080868,1.721033,0.2298545,-0.5044977,-0.04034267,0.3326292,0.7957464,
28.49717,0.1067547,1.721149,0.2285716,-0.5056587,-0.04168554,0.3324469,0.7950162,
28.53032,0.105027,1.720957,0.2274365,-0.5066311,-0.04345518,0.3325053,0.7942775,
28.56355,0.1040728,1.720855,0.2267951,-0.5071738,-0.04449213,0.33244,0.793901,
28.59679,0.1019004,1.720533,0.2254604,-0.5082797,-0.04681203,0.3324448,0.793058,
28.63002,0.1008734,1.720283,0.2249777,-0.5086462,-0.0479716,0.332445,0.7927535,
28.66401,0.09858795,1.719632,0.224039,-0.5093083,-0.05065614,0.3323778,0.7921894,
28.69649,0.0965066,1.718919,0.2233549,-0.5097436,-0.05297624,0.3326272,0.7916528,
28.72972,0.0955421,1.718576,0.2230496,-0.5099213,-0.05413528,0.3326237,0.7914613,
28.76304,0.09412131,1.717975,0.2227496,-0.5099909,-0.05621128,0.332141,0.7914745,
28.79619,0.09306455,1.717413,0.2227056,-0.5098568,-0.05779676,0.3318281,0.7915781,
28.82942,0.09197852,1.716758,0.2227797,-0.5096298,-0.05914141,0.3320223,0.7915434,
28.86266,0.09140296,1.716398,0.2228365,-0.50951,-0.05969101,0.3323901,0.7914249,
28.89589,0.0903343,1.715767,0.2228779,-0.5093831,-0.0604228,0.3334855,0.7909902,
28.92938,0.08999619,1.715574,0.2228781,-0.5093758,-0.06048298,0.3340909,0.7907348,
28.96236,0.08970873,1.715418,0.2228659,-0.5094312,-0.06011621,0.3352468,0.7902377,
28.99574,0.09053159,1.71561,0.2233122,-0.5091286,-0.05895684,0.3356148,0.7903638,
29.02954,0.09105636,1.715708,0.223635,-0.5088819,-0.05834618,0.3356741,0.7905428,
29.06263,0.09254861,1.716133,0.2243052,-0.5083957,-0.05682063,0.3353704,0.7910954,
29.09551,0.09424986,1.7165,0.2252467,-0.507664,-0.05505083,0.3351876,0.7917677,
29.12852,0.09604393,1.716823,0.226321,-0.5068132,-0.05309813,0.3351901,0.7924448,
29.16175,0.0970158,1.716974,0.2269349,-0.5063274,-0.05193889,0.3353748,0.7927539,
29.19572,0.09870684,1.717349,0.2278098,-0.5057018,-0.04955707,0.336158,0.7929739,
29.22822,0.09956834,1.717671,0.2280425,-0.505584,-0.04839788,0.336344,0.7930418,
29.26158,0.1017912,1.718508,0.2286139,-0.5052907,-0.04546944,0.336718,0.7932433,
29.29469,0.1038524,1.719422,0.2289025,-0.505224,-0.04296657,0.3365923,0.7934786,
29.32792,0.1049188,1.719908,0.2290224,-0.5052078,-0.04174463,0.3363984,0.7936364,
29.36139,0.1067329,1.720805,0.229103,-0.5052951,-0.03967164,0.3359886,0.7938607,
29.39444,0.1077401,1.721716,0.2284786,-0.5060115,-0.0383888,0.3355508,0.7936526,
29.42762,0.1079078,1.722058,0.2280674,-0.5064498,-0.03796231,0.3356192,0.7933645,
29.46086,0.1080519,1.722709,0.2271388,-0.5074067,-0.03741162,0.335606,0.7927846,
29.49409,0.1079949,1.722995,0.2266285,-0.5079138,-0.03735202,0.3354965,0.7925091,
29.52762,0.1076061,1.723449,0.2255652,-0.5089414,-0.03759536,0.3352458,0.7919441,
29.56056,0.1065655,1.723496,0.2246148,-0.5098013,-0.03857229,0.3352495,0.7913423,
29.59414,0.1048356,1.723108,0.223782,-0.510471,-0.04046411,0.3353094,0.7907905,
29.62706,0.1037109,1.722847,0.223245,-0.5108986,-0.0416848,0.3353707,0.7904249,
29.66026,0.1011071,1.722009,0.2223627,-0.5115089,-0.04467537,0.3354928,0.7898147,
29.69406,0.09819548,1.720738,0.2218841,-0.5116898,-0.04784885,0.3362236,0.7892008,
29.72729,0.0951931,1.719287,0.2215743,-0.5116979,-0.0509012,0.3374496,0.7884809,
29.76031,0.09259662,1.718083,0.2211865,-0.5118092,-0.05352447,0.33848,0.7877929,
29.79319,0.09173286,1.717656,0.2210922,-0.5118048,-0.05443952,0.3387823,0.7876032,
29.82643,0.09048283,1.717218,0.2206543,-0.5120545,-0.05608796,0.3385419,0.7874286,
29.85969,0.09016787,1.717163,0.2204527,-0.5121974,-0.05657848,0.3383115,0.7873996,
29.89296,0.09017397,1.717251,0.2203135,-0.5122997,-0.05688152,0.3377492,0.7875525,
29.92613,0.09026787,1.717163,0.2205453,-0.5120598,-0.05700398,0.3375079,0.7878032,
29.95936,0.09086762,1.716858,0.2215984,-0.5110913,-0.05645561,0.3377572,0.7883644,
29.99259,0.09125644,1.716663,0.222273,-0.5104715,-0.0560884,0.3379341,0.7887164,
30.02582,0.09220362,1.716511,0.2233837,-0.5094891,-0.05511126,0.3381743,0.7893173,
30.05906,0.09375212,1.716732,0.2244271,-0.5086526,-0.05334313,0.3383693,0.7898945,
30.09276,0.094423,1.716849,0.2248408,-0.5083286,-0.05254779,0.3384789,0.7901094,
30.12552,0.09626573,1.717476,0.2254725,-0.5079051,-0.05059516,0.3381152,0.7906647,
30.15897,0.09718341,1.717813,0.2257408,-0.5077431,-0.0495597,0.3380071,0.7908805,
30.19206,0.09886648,1.718722,0.2257539,-0.5079114,-0.04766621,0.3375091,0.7911015,
30.22536,0.100337,1.719511,0.2257611,-0.5080397,-0.04620204,0.3367808,0.7914163,
30.25869,0.1007911,1.719767,0.2257414,-0.5081031,-0.04571403,0.3365992,0.7914812,
30.29169,0.1012422,1.720198,0.225435,-0.5084538,-0.04516328,0.3363448,0.7913957,
30.32493,0.1012641,1.720285,0.2253119,-0.5085856,-0.04504213,0.3364124,0.7912891,
30.35862,0.101147,1.720256,0.2252581,-0.5086331,-0.04510192,0.3365255,0.7912071,
30.39163,0.1009762,1.720068,0.2254154,-0.5084568,-0.04534671,0.336591,0.7912787,
30.42462,0.1007018,1.719803,0.2256052,-0.5082207,-0.04589676,0.3364132,0.7914742,
30.45786,0.1005383,1.719647,0.2257157,-0.5080844,-0.0462006,0.3363427,0.791574,
30.49166,0.0999414,1.719234,0.2258651,-0.5078532,-0.04711724,0.3362292,0.7917165,
30.52432,0.09938872,1.718984,0.2257873,-0.5078498,-0.04797144,0.3359829,0.7917719,
30.55777,0.09905909,1.718824,0.2257569,-0.5078394,-0.0483976,0.335976,0.7917557,
30.59079,0.09821227,1.71863,0.2253298,-0.5081537,-0.04949712,0.3357379,0.791587,
30.62402,0.09754187,1.718433,0.2250574,-0.5083378,-0.0503516,0.3356164,0.7914664,
30.65763,0.09701282,1.718374,0.2246861,-0.5086482,-0.05090144,0.3356198,0.7912303,
30.69049,0.09606132,1.718465,0.2236938,-0.5095116,-0.05200093,0.3352596,0.7907559,
30.72372,0.09512371,1.718466,0.2228532,-0.5102292,-0.05303694,0.3350668,0.790306,
30.75696,0.09457257,1.718435,0.2224076,-0.5106082,-0.0535876,0.3350752,0.7900205,
30.79019,0.09394784,1.718268,0.2221151,-0.5108176,-0.05431629,0.3350525,0.7898449,
30.82342,0.09285565,1.717773,0.2219289,-0.5108818,-0.05541521,0.3354818,0.7895448,
30.85684,0.0923475,1.717437,0.2220126,-0.5107329,-0.05602924,0.3356263,0.7895364,
30.88989,0.09106578,1.716255,0.2227599,-0.5098382,-0.05748951,0.3364542,0.7896572,
30.92333,0.09041303,1.714953,0.2242604,-0.5082809,-0.05822521,0.3375722,0.7901301,
30.95656,0.09038946,1.714278,0.2253177,-0.5072329,-0.05828508,0.3381756,0.7905409,
30.98961,0.0909995,1.713213,0.2275551,-0.5050366,-0.05816321,0.3384813,0.7918242,
31.02324,0.09178923,1.712844,0.2288395,-0.5037633,-0.05816406,0.3376325,0.7929968,
31.05606,0.0920918,1.713056,0.2287771,-0.5038252,-0.05816418,0.3369619,0.7932426,
31.08929,0.09212108,1.713802,0.2276324,-0.5049317,-0.0584092,0.3358074,0.7930105,
31.12252,0.09141175,1.714552,0.2258068,-0.5067009,-0.0587143,0.3356848,0.7919108,
31.15575,0.09104118,1.71492,0.2248845,-0.5076033,-0.05877384,0.3357982,0.79128,
31.18966,0.09025678,1.715342,0.2234921,-0.5089518,-0.05895754,0.3362903,0.7901905,
31.22222,0.09004527,1.715626,0.222839,-0.5096073,-0.05883371,0.336524,0.7896776,
31.25549,0.09004527,1.715626,0.222839,-0.5096073,-0.05883371,0.336524,0.7896776,
31.28955,0.08996247,1.715398,0.2231315,-0.509313,-0.05889604,0.3367753,0.7897556,
31.3222,0.08988224,1.714702,0.2241771,-0.5082854,-0.05889709,0.3375753,0.790076,
31.35526,0.08974126,1.714321,0.2246571,-0.5077918,-0.05907959,0.3378768,0.7902508,
31.38839,0.08943096,1.713782,0.2252338,-0.5071809,-0.05944572,0.3383037,0.790433,
31.42162,0.08908501,1.713212,0.2258223,-0.5065645,-0.05975016,0.33891,0.7905456,
31.45486,0.08895029,1.712949,0.2261173,-0.5062517,-0.05993234,0.339088,0.7906559,
31.48842,0.08890286,1.712384,0.2269651,-0.5054135,-0.05993425,0.3397092,0.7909253,
31.52132,0.08904456,1.711483,0.2285065,-0.503872,-0.06005454,0.3401868,0.7916941,
31.55546,0.08905798,1.711192,0.228971,-0.503396,-0.06017798,0.3402562,0.7919576,
31.58779,0.08936597,1.710952,0.2296216,-0.5027859,-0.05987297,0.3405005,0.7922633,
31.62119,0.08907975,1.711147,0.2290615,-0.5033281,-0.05999415,0.3405566,0.7918856,
31.65438,0.08921026,1.711398,0.2287879,-0.5036432,-0.05962911,0.3406855,0.7916573,
31.68749,0.0896395,1.711154,0.229554,-0.5029039,-0.05944516,0.3405587,0.7921955,
31.72072,0.08985612,1.710739,0.2303905,-0.5020427,-0.05968849,0.340249,0.7928563,
31.75396,0.09065486,1.709785,0.2325653,-0.4997985,-0.0603005,0.3389768,0.7947705,
31.7875,0.09052241,1.70856,0.2343106,-0.4979003,-0.06152038,0.3384232,0.7961032,
31.82054,0.09014231,1.708045,0.2347554,-0.4973696,-0.06219409,0.3384359,0.7963772,
31.85389,0.08922878,1.707432,0.2348776,-0.497116,-0.06323052,0.3387956,0.7963009,
31.88701,0.08833154,1.707757,0.2335949,-0.4983115,-0.06395956,0.3387175,0.7955284,
31.92013,0.08747163,1.708934,0.231032,-0.500837,-0.0642677,0.3384281,0.7940394,
31.95336,0.08713225,1.709714,0.2295246,-0.502363,-0.06408472,0.3384893,0.7930635,
31.98728,0.0869967,1.711505,0.2266071,-0.5054044,-0.06292374,0.3387875,0.7910942,
32.01982,0.08688734,1.71237,0.2251391,-0.5069373,-0.06225336,0.3391585,0.7900068,
32.05328,0.08690737,1.714284,0.2220942,-0.5102098,-0.05993126,0.3408519,0.7873464,
32.08629,0.08847551,1.716701,0.2196295,-0.5130745,-0.05590295,0.3423141,0.7851437,
32.11953,0.09012797,1.718185,0.2187329,-0.5142005,-0.05352556,0.3420274,0.7846975,
32.15287,0.09473814,1.721418,0.2176256,-0.5157309,-0.04894869,0.3389786,0.7853147,
32.18599,0.1002239,1.72477,0.2169669,-0.5167773,-0.04443297,0.3344068,0.7868539,
32.21922,0.1046012,1.727479,0.2162501,-0.5176793,-0.04192942,0.3290273,0.7886642,
32.2527,0.1059133,1.728371,0.2158754,-0.5180805,-0.04143906,0.3269357,0.7892962,
32.2859,0.105995,1.728747,0.2153003,-0.5185811,-0.04211139,0.3254178,0.7895591,
32.31911,0.1047553,1.728223,0.2151076,-0.5186661,-0.04333401,0.3259211,0.7892294,
32.35216,0.1004645,1.726333,0.2145135,-0.5188869,-0.04736022,0.3280424,0.7879732,
32.38539,0.09446503,1.723565,0.2137315,-0.5191408,-0.05254883,0.3317716,0.785913,
32.4188,0.09122722,1.722173,0.213055,-0.5195004,-0.05535555,0.3336595,0.7846824,
32.45186,0.08531153,1.719632,0.2116666,-0.5202361,-0.06072678,0.3367131,0.7824903,
32.48577,0.08264439,1.718445,0.2110482,-0.520547,-0.06310771,0.3381815,0.7814612,
32.51833,0.07615037,1.715015,0.2102993,-0.5205958,-0.06841593,0.3429952,0.7788798,
32.55156,0.07470241,1.714046,0.2104455,-0.5203425,-0.06926914,0.3447589,0.7781945,
32.5848,0.07319541,1.71258,0.2113569,-0.5194493,-0.0693942,0.3481915,0.7772513,
32.61825,0.0732846,1.712149,0.2121741,-0.5187758,-0.0685394,0.349777,0.7770651,
32.65126,0.07467383,1.711519,0.2146527,-0.5166996,-0.06609797,0.3520954,0.7776127,
32.68489,0.07606137,1.711586,0.2159498,-0.5156665,-0.06432863,0.3527088,0.7781686,
32.71798,0.08003646,1.712675,0.2181193,-0.5141258,-0.05962734,0.3530038,0.7794278,
32.75101,0.08538142,1.714725,0.2199377,-0.5129637,-0.05413429,0.3515373,0.7812549,
32.78419,0.09150098,1.717414,0.2212738,-0.5122285,-0.04845811,0.3485449,0.7834477,
32.81742,0.0946711,1.718766,0.2219554,-0.5118153,-0.04571297,0.3467235,0.7846898,
32.85074,0.1003561,1.72117,0.2230825,-0.5110873,-0.0413191,0.3426373,0.787199,
32.88488,0.1046062,1.722898,0.2239287,-0.510492,-0.03832961,0.3391683,0.7892361,
32.91713,0.1058861,1.723322,0.224325,-0.5101718,-0.037413,0.3382428,0.7898842,
32.95077,0.1068621,1.723499,0.2248603,-0.5096869,-0.03686397,0.3374517,0.790561,
32.98397,0.106038,1.722795,0.2253132,-0.5091844,-0.03765628,0.3381747,0.7905385,
33.0169,0.1053585,1.722322,0.2255094,-0.5089462,-0.03826707,0.3387278,0.7904258,
33.05078,0.1035895,1.72128,0.225698,-0.5086343,-0.03991436,0.339883,0.7900491,
33.08392,0.1021432,1.720494,0.225732,-0.5084439,-0.04186684,0.339817,0.790099,
33.11652,0.1014561,1.720186,0.2256384,-0.5084546,-0.04284418,0.339641,0.7901154,
33.14975,0.1003163,1.71972,0.2254055,-0.5085258,-0.04467608,0.3389764,0.7902535,
33.18327,0.09971924,1.719432,0.2253522,-0.5085027,-0.04552846,0.3388391,0.7902786,
33.21683,0.09809896,1.718587,0.2253002,-0.508335,-0.04791001,0.3384221,0.7904244,
33.2501,0.09623519,1.717461,0.2254693,-0.5079746,-0.04992465,0.3392195,0.7901896,
33.28268,0.09516704,1.716697,0.2257472,-0.5076041,-0.05090082,0.3400708,0.7899994,
33.31592,0.09354362,1.71525,0.2266095,-0.5066361,-0.05206121,0.3421518,0.7896465,
33.34915,0.09338711,1.714167,0.2281838,-0.5050928,-0.05193733,0.3436658,0.7899858,
33.38306,0.09497607,1.713771,0.2302005,-0.5032659,-0.05022894,0.3443398,0.7909682,
33.41626,0.09718159,1.713531,0.2324786,-0.5011952,-0.04821534,0.3444039,0.7923791,
33.44933,0.1058939,1.709329,0.2458646,-0.4883827,-0.04022048,0.3480078,0.7992216,
33.48209,0.1117357,1.704838,0.2565866,-0.4776387,-0.03570389,0.3507526,0.8047106,
33.51595,0.1275648,1.691757,0.2838863,-0.4488939,-0.02465711,0.356979,0.8188116,
33.54855,0.1517945,1.674656,0.3159565,-0.4122761,-0.00848356,0.36168,0.8361484,
33.58228,0.1647094,1.663648,0.3326116,-0.3916479,-0.000610344,0.3645492,0.8448168,
33.61502,0.1924983,1.636798,0.3659553,-0.3461827,0.01422082,0.3690703,0.862405,
33.64825,0.2203096,1.603376,0.3973483,-0.2965584,0.02654927,0.3743142,0.8782011,
33.68192,0.2471597,1.562105,0.4262376,-0.2419931,0.03466636,0.3792548,0.8924143,
33.71503,0.258999,1.539437,0.4387503,-0.2142215,0.03686318,0.3832184,0.897716,
33.74815,0.2780961,1.493491,0.4585975,-0.1615591,0.03607159,0.387571,0.9068552,
33.78151,0.2858754,1.472521,0.4656295,-0.1384818,0.03454416,0.3870045,0.9109648,
33.81459,0.295217,1.43298,0.4757353,-0.09777436,0.02654922,0.3803556,0.9192742,
33.84856,0.2955513,1.396253,0.4818266,-0.06347311,0.01202327,0.3715617,0.926158,
33.88166,0.2929394,1.380146,0.4835444,-0.04943619,0.003417808,0.3688183,0.9281797,
33.91413,0.2825783,1.353243,0.4849428,-0.02813582,-0.01629558,0.364545,0.930618,
33.94779,0.2664017,1.333707,0.4842661,-0.01568558,-0.03857308,0.3605852,0.9317964,
33.98112,0.2566552,1.326386,0.4833128,-0.01232844,-0.0503513,0.3594778,0.9317127,
34.01426,0.2352746,1.315554,0.480375,-0.009948235,-0.07433716,0.3591743,0.9302521,
34.04706,0.2243244,1.31166,0.4784865,-0.01037567,-0.08605697,0.3599745,0.9289268,
34.0803,0.2028586,1.30676,0.4741155,-0.01373207,-0.1081477,0.3602684,0.9264568,
34.11353,0.1798426,1.301581,0.4682744,-0.01727211,-0.1320126,0.3588692,0.9238438,
34.14677,0.1549264,1.296637,0.4606011,-0.02209395,-0.1578313,0.3591183,0.9195843,
34.18069,0.1431752,1.295401,0.4565518,-0.02526788,-0.1697342,0.3581445,0.9177605,
34.21382,0.1181255,1.292037,0.4467274,-0.03210432,-0.1955554,0.3591897,0.9119815,
34.24654,0.08951968,1.291062,0.4337807,-0.04339448,-0.2243574,0.3617427,0.9038379,
34.28004,0.07496314,1.29126,0.4263994,-0.04980158,-0.2389988,0.362099,0.899602,
34.31292,0.04637653,1.290664,0.4099821,-0.06219291,-0.2686074,0.3636361,0.8898039,
34.34636,0.03248996,1.289929,0.401017,-0.06768394,-0.2835523,0.3631374,0.8849567,
34.37971,0.005724996,1.286089,0.3815113,-0.07622866,-0.3141303,0.361552,0.8745236,
34.41278,-0.01992381,1.282213,0.3600143,-0.08562712,-0.3444615,0.3617334,0.8620692,
34.44586,-0.04545557,1.28084,0.3357835,-0.09704281,-0.3752321,0.358631,0.8492157,
34.47909,-0.05804673,1.280005,0.3224541,-0.1029012,-0.3910975,0.3570413,0.8420069,
34.51233,-0.08182436,1.277998,0.2942398,-0.114616,-0.4226385,0.354223,0.8262965,
34.54616,-0.1030755,1.273666,0.2643819,-0.1235304,-0.4542668,0.3507553,0.8095385,
34.57919,-0.1125672,1.271355,0.2492929,-0.1273109,-0.4695733,0.3484876,0.801155,
34.61235,-0.1302511,1.268667,0.2179422,-0.1355557,-0.4996823,0.3415442,0.7844042,
34.64615,-0.13851,1.267923,0.2013921,-0.1394605,-0.5149356,0.3365362,0.7759739,
34.67849,-0.1532767,1.266158,0.1669862,-0.1475739,-0.5451933,0.3276165,0.7573993,
34.71172,-0.1655083,1.263061,0.1305633,-0.1561849,-0.5753633,0.3212807,0.7357596,
34.745,-0.1706432,1.261795,0.11182,-0.16112,-0.590102,0.3183951,0.7241855,
34.77819,-0.1788897,1.259447,0.07276654,-0.1702142,-0.6198875,0.3108897,0.7000816,
34.81228,-0.1845354,1.259431,0.03068274,-0.1804759,-0.650189,0.3002844,0.6741751,
34.84503,-0.1861796,1.260344,0.008533297,-0.1855938,-0.6655987,0.2933736,0.6606552,
34.87789,-0.1863278,1.261417,-0.03671515,-0.1999988,-0.6947774,0.2842827,0.6296572,
34.91166,-0.1825488,1.26655,-0.0843302,-0.2217211,-0.721921,0.274817,0.5951012,
34.94501,-0.1784857,1.265789,-0.1078851,-0.2323529,-0.734777,0.2734892,0.5756028,
34.97843,-0.1676165,1.270062,-0.154811,-0.2577335,-0.7578816,0.2657285,0.5371938,
35.01136,-0.1516805,1.274056,-0.2016684,-0.2823981,-0.7796921,0.2556047,0.4969888,
35.04411,-0.1425535,1.27618,-0.2232202,-0.295084,-0.7887621,0.2506534,0.4774439,
35.0773,-0.1212946,1.282205,-0.2652489,0.3138779,0.8079168,-0.2339895,-0.4404544,
35.11053,-0.09562072,1.288028,-0.3056639,0.3265284,0.8276733,-0.2134947,-0.4034305,
35.14417,-0.08206677,1.289894,-0.3238223,0.3316458,0.8365604,-0.2042729,-0.3852926,
35.17734,-0.0522244,1.291863,-0.3583055,0.3405618,0.8534185,-0.1868818,-0.3475195,
35.21031,-0.01882622,1.293117,-0.3902899,0.3451437,0.8701527,-0.16833,-0.3088287,
35.24415,-0.0003612041,1.294189,-0.4056723,0.3469068,0.8782527,-0.1581954,-0.288621,
35.2767,0.03874284,1.297881,-0.433842,0.3514861,0.8923562,-0.1369569,-0.247792,
35.31006,0.082169,1.30214,-0.4590259,0.3576471,0.9039438,-0.1149841,-0.2043349,
35.34316,0.1046243,1.305405,-0.469935,0.3618634,0.9082896,-0.1032064,-0.1827931,
35.3764,0.1510806,1.313213,-0.4883256,0.3668762,0.9163665,-0.07769645,-0.1401343,
35.40963,0.1992897,1.322063,-0.5019165,0.365707,0.9242158,-0.05047392,-0.09765207,
35.44298,0.2238077,1.327685,-0.5068321,0.3668666,0.9264129,-0.03607022,-0.07659583,
35.4761,0.2732076,1.340045,-0.5127383,0.3669223,0.9295732,-0.006225231,-0.03497114,
35.51007,0.2983165,1.346902,-0.513713,0.3656585,0.9305949,0.00939933,-0.014099,
35.54319,0.3476799,1.362347,-0.5115583,0.3649735,0.9297057,0.04186819,0.02624391,
35.57579,0.3923723,1.378332,-0.5047406,0.3599661,0.9279898,0.07311619,0.06255768,
35.60903,0.4331187,1.393799,-0.4942593,0.3522915,0.9252837,0.1023549,0.09625144,
35.64226,0.4507064,1.401586,-0.4882688,0.3477001,0.9237822,0.115961,0.1108343,
35.6755,0.4812316,1.414428,-0.4759094,0.3407567,0.9196708,0.1392201,0.1367788,
35.70873,0.5051477,1.424483,-0.4642929,0.33654,0.9148955,0.1578942,0.1574059,
35.74228,0.5142249,1.42887,-0.4592867,0.3342759,0.9129876,0.1655206,0.1652764,
35.77539,0.5290958,1.433511,-0.4510517,0.3306309,0.9097994,0.1756,0.1792011,
35.80843,0.5343049,1.435465,-0.4479206,0.3293916,0.9085273,0.1794961,0.1840125,
35.84166,0.5406367,1.435274,-0.4446046,0.3268332,0.9076259,0.1814519,0.1909731,
35.87518,0.5437064,1.429615,-0.4442418,0.3299509,0.906297,0.1777316,0.1953705,
35.90824,0.5433604,1.426395,-0.4451414,0.3325639,0.9058381,0.174918,0.1956078,
35.94135,0.5389793,1.420812,-0.4486697,0.3360599,0.9064952,0.1682131,0.1924441,
35.97459,0.5314978,1.414315,-0.4538143,0.3397778,0.9079457,0.1593605,0.1865207,
36.00782,0.5266128,1.412069,-0.4566698,0.3419063,0.9087188,0.1555118,0.1820611,
36.04128,0.5117477,1.40417,-0.465023,0.3488096,0.9106892,0.1428808,0.1690033,
36.07439,0.4894387,1.392442,-0.4761112,0.3607801,0.9121124,0.1243901,0.1497197,
36.10822,0.4740397,1.385674,-0.4826751,0.3664323,0.9134563,0.1124808,0.1366492,
36.14075,0.4354742,1.371171,-0.4959682,0.3724215,0.9182976,0.08404199,0.104732,
36.17416,0.3891173,1.35435,-0.506914,0.3790208,0.9215515,0.05078026,0.06713735,
36.20728,0.3620313,1.344909,-0.5109295,0.3810149,0.9229069,0.03167496,0.04546789,
36.24051,0.3034999,1.326478,-0.5139372,0.3843173,0.923167,-0.007751038,-0.001647859,
36.27369,0.239214,1.305971,-0.5085078,0.3850654,0.9199089,-0.05163501,-0.05316087,
36.30692,0.2055289,1.295953,-0.5019828,0.3848096,0.916463,-0.07427648,-0.08062384,
36.34027,0.1364969,1.273397,-0.4798694,0.3816364,0.9056616,-0.1236519,-0.1372621,
36.37367,0.06885473,1.251453,-0.4454623,0.3699831,0.8913893,-0.173029,-0.1964657,
36.40682,0.03631863,1.240681,-0.4234711,0.3631496,0.8818126,-0.1979928,-0.2265565,
36.43986,-0.02542505,1.219448,-0.3688712,0.3443529,0.8580747,-0.2482857,-0.2889342,
36.47348,-0.07831326,1.201515,-0.3029184,0.3199899,0.828568,-0.2947837,-0.3523977,
36.50659,-0.1008225,1.193135,-0.2655988,0.3038707,0.8119492,-0.3163819,-0.3851021,
36.53956,-0.1362343,1.181631,-0.1864629,-0.2680001,-0.775009,0.3514945,0.4516512,
36.57279,-0.1487883,1.177034,-0.1444573,-0.2485242,-0.7541174,0.3666221,0.484903,
36.60603,-0.1625967,1.170271,-0.05936778,-0.2082978,-0.7085053,0.3911457,0.5492152,
36.63926,-0.1619008,1.166809,0.02566996,-0.1686871,-0.6571717,0.4094507,0.6099345,
36.67257,-0.1557249,1.16493,0.06792596,-0.1486074,-0.6292773,0.4178094,0.6382486,
36.70573,-0.1160615,1.16047,0.1870112,-0.08959629,-0.5394083,0.438338,0.713352,
36.73907,-0.07204729,1.155449,0.2581027,-0.04748358,-0.4750186,0.4492628,0.7551593,
36.77303,-0.04647288,1.15348,0.2895152,-0.02648743,-0.442474,0.4520559,0.7740547,
36.80543,0.0100455,1.148312,0.3425296,0.01550202,-0.3784575,0.4549913,0.8059235,
36.83866,0.07291092,1.144881,0.3851799,0.05535472,-0.3126595,0.4543115,0.8323347,
36.87189,0.105497,1.143162,0.4018776,0.07421535,-0.2803828,0.4540809,0.8424299,
36.90512,0.1733638,1.139443,0.4269181,0.1110162,-0.2162344,0.4554166,0.8564543,
36.93836,0.2083737,1.138584,0.4357522,0.1287154,-0.1835216,0.4548675,0.8618862,
36.97168,0.2756368,1.136358,0.4445678,0.1633869,-0.1213958,0.4485358,0.8702779,
37.00483,0.3419912,1.13593,0.4442663,0.1954291,-0.05950762,0.4401731,0.8743649,
37.03806,0.3737854,1.136305,0.4409544,0.2101993,-0.02935709,0.4351687,0.8749759,
37.07182,0.4341128,1.136678,0.4282142,0.2387632,0.02789234,0.4263192,0.872047,
37.10468,0.4915087,1.13811,0.4083061,0.2656102,0.08452894,0.4153211,0.8659183,
37.13779,0.5440578,1.139599,0.3820717,0.2907093,0.1393427,0.4009994,0.8574796,
37.17099,0.5682613,1.14004,0.3668289,0.3029081,0.1655832,0.3934204,0.8520852,
37.20425,0.6131575,1.141236,0.3325625,0.3259232,0.2172821,0.3766428,0.8394658,
37.23746,0.6331319,1.141652,0.3141392,0.3367266,0.2418181,0.3677931,0.8323866,
37.27123,0.6685919,1.141603,0.2746882,0.3579165,0.2884572,0.3494934,0.8164206,
37.30425,0.6979662,1.140324,0.2325815,0.3785421,0.3318499,0.330202,0.7984661,
37.33716,0.7101202,1.139251,0.2113016,0.3883476,0.3519724,0.3202357,0.7891456,
37.37057,0.7299273,1.137312,0.1695309,0.405523,0.3898978,0.2995645,0.770579,
37.40363,0.7435982,1.134881,0.1309247,0.4199767,0.4227231,0.2793538,0.7529185,
37.43723,0.7523777,1.134238,0.1001157,0.4270007,0.4511704,0.2593376,0.7394996,
37.4701,0.7553397,1.133702,0.08683357,0.4301545,0.4627457,0.2510252,0.7333621,
37.50336,0.7595918,1.133884,0.06610912,0.4332295,0.4818746,0.2374278,0.7236969,
37.53741,0.7624789,1.135515,0.05269837,0.4327991,0.4959703,0.2279047,0.7174662,
37.57015,0.7635666,1.136687,0.04861283,0.4318885,0.5008588,0.2250385,0.7155212,
37.60334,0.7652264,1.139407,0.04487014,0.4285896,0.5073862,0.221558,0.7139904,
37.63626,0.7658418,1.14101,0.04533547,0.4261523,0.5089781,0.2210108,0.7144856,
37.66959,0.7666118,1.144468,0.0502708,0.4202385,0.509047,0.2220519,0.7176098,
37.70273,0.7666212,1.147854,0.0593999,0.4142978,0.5049331,0.2262525,0.7226408,
37.73597,0.7661093,1.148984,0.06520966,0.4114951,0.50146,0.2286965,0.725884,
37.76939,0.7641627,1.150861,0.07949337,0.4045428,0.4927999,0.2331554,0.7342561,
37.80262,0.7604809,1.151073,0.09628928,0.3981319,0.4808344,0.2377927,0.7441398,
37.83567,0.7581347,1.151131,0.105593,0.3949075,0.473767,0.2407899,0.7494086,
37.86953,0.7521258,1.150619,0.1256051,0.3890378,0.4572139,0.2480467,0.7603143,
37.90247,0.7445505,1.150085,0.1471398,0.3832361,0.4381671,0.2571997,0.7713547,
37.93541,0.740146,1.149802,0.1583028,0.3803747,0.4277994,0.2624537,0.7768017,
37.96861,0.7300442,1.149255,0.1812342,0.3740758,0.4059964,0.273248,0.7877625,
38.00184,0.7179242,1.148028,0.2045124,0.3679804,0.3822016,0.2847286,0.7983997,
38.03507,0.7112439,1.147422,0.2161199,0.3646158,0.3700478,0.2903377,0.8036317,
38.06861,0.6959382,1.144689,0.239067,0.3582071,0.3444135,0.300103,0.8142513,
38.10157,0.6782975,1.140584,0.2614198,0.3521553,0.3171228,0.3089446,0.8246048,
38.13523,0.6588055,1.136059,0.2829006,0.3460608,0.288689,0.3178022,0.8342077,
38.18212,0.637515,1.131726,0.303661,0.3391031,0.2595151,0.3263471,0.8433022,
38.21535,0.6265789,1.130272,0.3137332,0.3348966,0.2451757,0.3308073,0.8475257,
38.24859,0.6034912,1.127422,0.3330194,0.3259905,0.2161267,0.3392352,0.8555343,
38.28242,0.5797548,1.125022,0.350547,0.316519,0.1877996,0.3466694,0.8627673,
38.31506,0.5676545,1.123799,0.358578,0.3118826,0.1736411,0.3504559,0.8658861,
38.34829,0.5437717,1.121168,0.3727028,0.3033447,0.145874,0.3585204,0.8707272,
38.38161,0.5201794,1.118131,0.3845114,0.2955806,0.1188304,0.3663783,0.8742301,
38.41571,0.5086304,1.116368,0.3895074,0.2921136,0.1056516,0.3701774,0.8754862,
38.44878,0.4850079,1.112277,0.3982496,0.2855211,0.07891809,0.3774397,0.8773762,
38.48159,0.4618541,1.107486,0.4048941,0.279969,0.05218516,0.3859874,0.877444,
38.51472,0.4505311,1.1056,0.40787,0.2767313,0.0393674,0.3902558,0.8772517,
38.54769,0.4278476,1.101365,0.4125932,0.270557,0.01434259,0.396467,0.8771586,
38.58143,0.4050423,1.098159,0.4166187,0.2632398,-0.009277203,0.3995899,0.8780357,
38.61415,0.3939261,1.095653,0.4176051,0.2606751,-0.02105667,0.4005644,0.8781534,
38.64764,0.3731647,1.089698,0.4179232,0.2573123,-0.04321089,0.4007383,0.8782551,
38.68072,0.3630976,1.086231,0.4173577,0.2563426,-0.05413711,0.4003827,0.8780953,
38.71402,0.3449873,1.078835,0.41499,0.2559155,-0.07427832,0.3991622,0.8773025,
38.74738,0.3299491,1.070437,0.4109456,0.2578632,-0.09252562,0.399093,0.875026,
38.78052,0.316966,1.062842,0.4066356,0.2598762,-0.1087599,0.3995796,0.872337,
38.81359,0.311156,1.058622,0.4039792,0.261704,-0.1163265,0.3992084,0.8709833,
38.84679,0.3017709,1.050168,0.3982706,0.2664061,-0.1294496,0.3984191,0.8680627,
38.88068,0.2941221,1.042146,0.392462,0.2715955,-0.1406194,0.3969568,0.8653828,
38.91376,0.2905414,1.038304,0.3895463,0.2744082,-0.1454437,0.3947059,0.8647274,
38.94659,0.2855899,1.031191,0.3840062,0.2804551,-0.1527702,0.3904399,0.8634599,
38.97972,0.2837915,1.027578,0.3811343,0.2838092,-0.1559424,0.388666,0.8625968,
39.01383,0.2805281,1.020134,0.3750505,0.2908826,-0.1622863,0.3856056,0.8604411,
39.04674,0.2786928,1.013732,0.3696783,0.2974173,-0.1669272,0.3832306,0.8583779,
39.07942,0.2776149,1.010558,0.3669302,0.3007094,-0.1692444,0.3815781,0.857513,
39.11267,0.2761247,1.004685,0.3617571,0.3069887,-0.1732075,0.3789449,0.8556622,
39.14685,0.2753854,0.9993207,0.3569373,0.3133473,-0.1757162,0.3751134,0.8545333,
39.17921,0.274904,0.9955201,0.3534398,0.3183423,-0.1766873,0.3703415,0.8545684,
39.21302,0.2745211,0.9933289,0.3513803,0.3212214,-0.1773035,0.367485,0.8545965,
39.24559,0.2741225,0.9889739,0.3472456,0.3268973,-0.178585,0.3629683,0.8541075,
39.27882,0.2742027,0.9858427,0.3442452,0.3312256,-0.1790096,0.3594229,0.8538504,
39.31206,0.2742344,0.9840571,0.3425092,0.3338,-0.1790765,0.3569323,0.8538786,
39.34529,0.2744274,0.9803608,0.3388718,0.3392107,-0.1790651,0.3517831,0.8538855,
39.37852,0.2747023,0.9786745,0.3372048,0.3417208,-0.1789472,0.349655,0.8537834,
39.41189,0.2743732,0.975593,0.3340366,0.3460687,-0.1794431,0.3454585,0.8536364,
39.44537,0.2742094,0.9726922,0.3310167,0.3502797,-0.1796869,0.3413686,0.8535129,
39.4785,0.2743211,0.9711138,0.3293718,0.352529,-0.1798655,0.339773,0.8531859,
39.51151,0.2745132,0.9678441,0.3259116,0.3568509,-0.1809583,0.3381143,0.8518159,
39.54469,0.2746125,0.9653496,0.3232217,0.3601653,-0.1818221,0.336789,0.8507614,
39.57839,0.2742579,0.9627171,0.3202934,0.3639974,-0.1822428,0.333115,0.8504869,
39.61116,0.2739404,0.9623471,0.3198509,0.3646664,-0.1821196,0.331526,0.8508475,
39.64451,0.2709639,0.9596602,0.3165235,0.3685668,-0.1833985,0.3234648,0.8519942,
39.67763,0.2717504,0.9587765,0.3156101,0.3696793,-0.1836495,0.3246976,0.8509886,
39.71086,0.2645867,0.9644912,0.3211367,0.3621611,-0.1835828,0.3149837,0.857859,
39.74409,0.2634156,0.9629739,0.3193061,0.3642458,-0.1844422,0.3120015,0.8578818,
39.77785,0.2620673,0.9640318,0.3202943,0.3629519,-0.1843139,0.3097939,0.8592567,
39.81086,0.2605441,0.9634908,0.3194831,0.3639408,-0.1845643,0.3058372,0.8602016,
39.84379,0.2598082,0.96218,0.3179188,0.3657129,-0.1852978,0.3039469,0.8599623,
39.87703,0.2594762,0.9619653,0.3176304,0.3660767,-0.1853576,0.3029685,0.8601398,
39.91026,0.2592246,0.9620429,0.3176803,0.3661332,-0.1851112,0.3018661,0.8605564,
39.9436,0.2613437,0.962462,0.3184528,0.3655976,-0.1840805,0.3052953,0.8597951,
39.97673,0.2617748,0.9628763,0.3189741,0.3650398,-0.1837711,0.3062038,0.8597752,
40.01017,0.2614395,0.9627773,0.3188173,0.3649164,-0.1844418,0.306813,0.8594667,
40.04319,0.262997,0.9635106,0.3198448,0.3639384,-0.1835866,0.3096803,0.8590361,
40.07676,0.2633553,0.964124,0.3205705,0.3633992,-0.1826761,0.3092615,0.8596091,
40.10978,0.263751,0.9655783,0.3222192,0.3616798,-0.1815723,0.309619,0.860439,
40.1429,0.2642882,0.9664059,0.3231914,0.3607018,-0.1808392,0.3103501,0.8607405,
40.17613,0.2646716,0.9677231,0.3246673,0.3592944,-0.1795557,0.3100417,0.8617085,
40.20936,0.2647243,0.9693958,0.3264691,0.3570505,-0.1790135,0.3111527,0.8623533,
40.2426,0.2650715,0.9699567,0.327111,0.3563677,-0.1785806,0.3117531,0.8625086,
40.27591,0.2656333,0.9703501,0.3275995,0.3557703,-0.178404,0.3132902,0.8622348,
40.30906,0.2654102,0.9713805,0.3286624,0.3545495,-0.1778546,0.3128019,0.863028,
40.3423,0.2650721,0.9718781,0.3291446,0.3538707,-0.1778509,0.3126122,0.8633761,
40.37634,0.2648375,0.9723153,0.3295747,0.3532621,-0.1778517,0.3126138,0.8636245,
40.40965,0.2649398,0.9723287,0.3296016,0.3531949,-0.1779096,0.3130355,0.8634874,
40.442,0.2646322,0.9727921,0.3300488,0.352529,-0.1779734,0.3130402,0.8637446,
40.47523,0.2640732,0.9727327,0.3299156,0.3525935,-0.1782193,0.312128,0.8639976,
40.50899,0.2636981,0.9728213,0.3299603,0.3524075,-0.178462,0.3118813,0.8641124,
40.54172,0.2630903,0.9728765,0.3299393,0.3523449,-0.1786443,0.3108423,0.8644747,
40.57494,0.2621911,0.9731125,0.3300678,0.3519151,-0.1791313,0.3100466,0.8648347,
40.60817,0.2613675,0.9733121,0.3301659,0.351618,-0.1794406,0.3089551,0.8652819,
40.6414,0.2602829,0.9734974,0.3302106,0.3514307,-0.1796826,0.3069983,0.8660038,
40.67476,0.2599297,0.973478,0.3301412,0.3514347,-0.1798677,0.3065136,0.8661355,
40.71087,0.2592216,0.9732997,0.3298552,0.3514347,-0.1806611,0.3063915,0.8660136,
40.74463,0.2584071,0.9730834,0.3295122,0.3514852,-0.1815102,0.3060771,0.8659267,
40.77768,0.2573561,0.9730483,0.329322,0.3512481,-0.1824904,0.3057172,0.8659441,
40.81099,0.2563042,0.9732258,0.3293513,0.3510134,-0.1828614,0.3041384,0.8665166,
40.84381,0.255803,0.9730008,0.3290395,0.3514287,-0.1829162,0.3026632,0.8668533,
40.87704,0.2556278,0.9726775,0.3286732,0.3520434,-0.1827355,0.3013243,0.8671084,
