0,0.308,1.333,0.486,0,0,0,1,
0.02,0.6272198,1.227914,0.3562103,-0.239804,0.2688564,-0.8074847,0.467096,
0.04,0.6272198,1.227914,0.3562103,-0.239804,0.2688564,-0.8074847,0.467096,
0.2754851,0.6775089,1.302188,0.3214308,-0.3198195,0.249569,-0.7648202,0.5004807,
0.308729,0.6767336,1.309564,0.3228773,-0.3228071,0.2427308,-0.7645687,0.5023068,
0.3421108,0.675777,1.312011,0.3240822,-0.3231239,0.2398099,-0.7650235,0.5028133,
0.3756213,0.6740363,1.314157,0.3260918,-0.3226266,0.2362632,-0.766345,0.5027995,
0.4085846,0.6729672,1.312872,0.3271654,-0.3212259,0.2358993,-0.7680002,0.5013393,
0.4417035,0.6710731,1.306489,0.3287464,-0.3168898,0.2383998,-0.7718391,0.4970018,
0.4752948,0.6706156,1.294858,0.3281333,-0.3117,0.2463937,-0.7754964,0.4906513,
0.5083575,0.671145,1.287754,0.326703,-0.3094452,0.2520726,-0.7770309,0.4867504,
0.5413548,0.6736002,1.271031,0.3214047,-0.3060817,0.266288,-0.780127,0.4762421,
0.575349,0.676819,1.250569,0.31338,-0.3018801,0.2854617,-0.7813116,0.4657597,
0.607821,0.6820357,1.230196,0.3014816,-0.3011371,0.3063248,-0.7811007,0.4531703,
0.6410544,0.6852162,1.219139,0.2938044,-0.301271,0.3184829,-0.779972,0.4465963,
0.6744468,0.6949437,1.198414,0.2726377,-0.3072485,0.3449068,-0.774774,0.4316979,
0.7075344,0.7013941,1.189854,0.259405,-0.3143291,0.3574805,-0.7715403,0.4220551,
0.7407546,0.7162816,1.174572,0.2272611,-0.3343393,0.3833487,-0.7623031,0.4001938,
0.7744748,0.7244819,1.169799,0.2094013,-0.3461825,0.3959247,-0.7548632,0.3918964,
0.8075424,0.7437943,1.171859,0.1707073,-0.3793344,0.4140025,-0.7359027,0.3783578,
0.8404543,0.7642394,1.192161,0.134358,-0.4205291,0.4180877,-0.7130684,0.3740207,
0.8736877,0.7828476,1.224015,0.09843671,-0.4635109,0.4155971,-0.6847679,0.3788531,
0.9077895,0.7905507,1.244195,0.08222061,-0.4846711,0.4109419,-0.6696041,0.3845142,
0.9401566,0.801783,1.291963,0.05304027,-0.5279607,0.3927051,-0.6393512,0.397832,
0.9737064,0.8046939,1.317689,0.04132336,-0.5474218,0.3807966,-0.6245699,0.4064921,
1.006623,0.8052337,1.370564,0.02270981,-0.5817683,0.3533211,-0.5957448,0.4263777,
1.039921,0.7992702,1.422271,0.01215887,-0.6073573,0.3239727,-0.5686612,0.4503148,
1.073727,0.7878606,1.47144,0.009834586,-0.6246842,0.2931468,-0.5443023,0.4770426,
1.106806,0.7803488,1.495,0.01134822,-0.6307401,0.2771619,-0.5330834,0.491091,
1.140127,0.7625433,1.538834,0.01797896,-0.6393323,0.2434651,-0.5138462,0.5176302,
1.172788,0.7428524,1.575728,0.0305691,-0.641561,0.2093571,-0.5009925,0.5418262,
1.206022,0.7323625,1.592161,0.03846163,-0.6409809,0.1915251,-0.4968792,0.5527864,
1.239256,0.7082129,1.623193,0.06095231,-0.6331955,0.1552775,-0.4901864,0.5785065,
1.272616,0.6946738,1.637372,0.07454896,-0.626784,0.1363555,-0.4881701,0.59181,
1.305814,0.6637341,1.663022,0.1065765,-0.608474,0.09582748,-0.4871332,0.6190943,
1.339647,0.6286358,1.68256,0.144116,-0.582105,0.05511588,-0.4895736,0.6468646,
1.372192,0.6091886,1.690122,0.1641825,-0.5661571,0.03582732,-0.490108,0.6617982,
1.405714,0.5660594,1.699833,0.2069961,-0.5282034,-0.002258374,-0.4915209,0.6923896,
1.438667,0.5162591,1.702345,0.2509768,-0.4831051,-0.04040626,-0.4915892,0.7234064,
1.472034,0.4639193,1.697561,0.2906057,-0.4350645,-0.0781871,-0.4930487,0.7493388,
1.5052,0.437534,1.692954,0.3079537,-0.4105415,-0.09747769,-0.4957506,0.7590685,
1.53848,0.3864281,1.677705,0.3395918,-0.3587748,-0.1329993,-0.5053244,0.7734592,
1.571916,0.3630494,1.66743,0.3535953,-0.332354,-0.1481401,-0.5123562,0.777873,
1.604887,0.3201711,1.642222,0.3787261,-0.2778965,-0.173342,-0.5311956,0.7813817,
1.638398,0.2819214,1.611791,0.4002406,-0.2213738,-0.1917108,-0.5559065,0.7779515,
1.671958,0.2654126,1.595927,0.40915,-0.1940293,-0.1979966,-0.5698811,0.7735538,
1.705038,0.2382079,1.561671,0.4251337,-0.1408109,-0.2025798,-0.5996214,0.7613068,
1.737755,0.2238461,1.528923,0.4382527,-0.09637629,-0.1961095,-0.6348385,0.7411025,
1.771742,0.220472,1.514561,0.4435744,-0.07745381,-0.1908574,-0.6569842,0.7252215,
1.804222,0.2232805,1.486189,0.4543543,-0.04766847,-0.1713867,-0.7020262,0.689575,
1.837456,0.2369571,1.45943,0.4645062,-0.02825895,-0.1438582,-0.7527991,0.6417163,
1.87109,0.2478601,1.444418,0.4697036,-0.0227662,-0.1256109,-0.7747837,0.6192042,
1.904179,0.271758,1.414559,0.4779702,-0.01715102,-0.08795239,-0.8159248,0.5711717,
1.937156,0.2983944,1.383104,0.4833905,-0.0186767,-0.04754626,-0.8441747,0.5336287,
1.971273,0.3126535,1.368677,0.4847038,-0.02246089,-0.02813715,-0.8551007,0.5172104,
2.004323,0.3398546,1.34098,0.4849204,-0.03167633,0.008727775,-0.8701531,0.491685,
2.036856,0.3752454,1.306619,0.4807546,-0.04662914,0.05541787,-0.8764936,0.4759344,
2.071043,0.3954134,1.292656,0.4766437,-0.05834875,0.07714728,-0.8777944,0.4691702,
2.10402,0.4381797,1.261993,0.4635052,-0.08434666,0.1240177,-0.879598,0.4514562,
2.136556,0.4883245,1.237581,0.4424848,-0.120913,0.1699861,-0.873796,0.4392783,
2.170234,0.5121206,1.227819,0.4301529,-0.1399494,0.190424,-0.8701522,0.432421,
2.203022,0.5560068,1.213733,0.4034541,-0.1776129,0.2258308,-0.8599271,0.4218764,
2.2363,0.5953646,1.208417,0.3757445,-0.2128237,0.2548757,-0.8426889,0.4238161,
2.269489,0.6131707,1.210381,0.3626103,-0.2298567,0.265623,-0.8324524,0.4285246,
2.303404,0.6433097,1.229374,0.3421309,-0.2658152,0.2705761,-0.8144138,0.4391597,
2.336519,0.6658413,1.261409,0.3277957,-0.3013204,0.2596348,-0.7990454,0.4509126,
2.369187,0.6732125,1.279607,0.3232966,-0.3169424,0.2495014,-0.7933019,0.4560358,
2.402421,0.6791575,1.319819,0.3207662,-0.3410012,0.221251,-0.7836254,0.4697845,
2.435655,0.6785263,1.338774,0.3216738,-0.3491289,0.2059981,-0.7799855,0.476756,
2.468915,0.671716,1.373924,0.3266405,-0.3588305,0.1749291,-0.7740582,0.4914005,
2.502247,0.6598873,1.401218,0.3345995,-0.3606715,0.146002,-0.7724925,0.5018515,
2.53536,0.6532701,1.411208,0.3390893,-0.3592498,0.1336047,-0.7731866,0.5052443,
2.5686,0.6398915,1.424463,0.3486052,-0.352795,0.1137123,-0.7765152,0.5095384,
2.601841,0.6290246,1.429471,0.3569939,-0.3442991,0.1022948,-0.780273,0.5120235,
2.635932,0.6218621,1.43092,0.3626992,-0.3375879,0.09661938,-0.7825984,0.5140418,
2.668291,0.6086656,1.436104,0.3719661,-0.3269686,0.0844124,-0.7857745,0.5181936,
2.701996,0.5967553,1.440228,0.379856,-0.3170736,0.07488915,-0.7869161,0.524041,
2.735037,0.59101,1.442427,0.3834056,-0.3124492,0.07049792,-0.786708,0.5277274,
2.768512,0.5807674,1.444871,0.389835,-0.303462,0.06384175,-0.7864867,0.5341102,
2.801225,0.5706997,1.44698,0.3958749,-0.2948634,0.05639695,-0.788154,0.5372971,
2.834677,0.5656286,1.448876,0.3985534,-0.2911382,0.05181892,-0.7890639,0.538453,
2.86865,0.5532799,1.450877,0.4054554,-0.2804569,0.04345708,-0.7904673,0.5427863,
2.901702,0.5435426,1.447315,0.4119716,-0.2689163,0.04138109,-0.7917343,0.5469264,
2.934158,0.5399982,1.445825,0.4143074,-0.2645851,0.04107633,-0.791558,0.5493118,
2.967829,0.5334027,1.439992,0.419297,-0.2548225,0.04205334,-0.7936424,0.5508438,
3.000921,0.5263772,1.429178,0.4253872,-0.2416338,0.04717933,-0.7957012,0.5533958,
3.033997,0.5245228,1.423868,0.4274305,-0.2365711,0.05102513,-0.7954063,0.5556611,
3.067092,0.5205901,1.415463,0.4309779,-0.2275966,0.05676179,-0.7942995,0.5604161,
3.100326,0.5185236,1.406137,0.4335833,-0.2200248,0.06329141,-0.7953851,0.5612004,
3.1339,0.5169207,1.401923,0.4350009,-0.2159395,0.06610014,-0.7952774,0.5626144,
3.16679,0.5156229,1.395475,0.4365438,-0.2104446,0.07189786,-0.7926463,0.5676757,
3.200022,0.5115126,1.39183,0.4389036,-0.2042189,0.07342362,-0.7907534,0.5723746,
3.233257,0.5096809,1.389998,0.4399559,-0.2011088,0.07482833,-0.7882611,0.5767153,
3.26649,0.5081487,1.387326,0.4409607,-0.1976336,0.07733225,-0.7849804,0.5820366,
3.299826,0.5074471,1.386016,0.4414231,-0.1961703,0.07806522,-0.7848642,0.5825902,
3.332957,0.5074173,1.384234,0.44164,-0.1949507,0.07971371,-0.7843195,0.5835092,
3.36619,0.5061162,1.380996,0.4425593,-0.1918364,0.08148318,-0.7848631,0.583566,
3.399423,0.5058551,1.383695,0.4423807,-0.1934182,0.07879547,-0.7857576,0.5822076,
3.432657,0.5061506,1.389922,0.4415176,-0.1977593,0.0733052,-0.7871309,0.5796056,
3.465931,0.5072102,1.38992,0.4410554,-0.1989706,0.0731797,-0.7892298,0.5763434,
3.499178,0.5062996,1.387761,0.4417176,-0.1966565,0.0748906,-0.7880298,0.5785558,
3.532357,0.5058421,1.394014,0.4411217,-0.2002608,0.06909331,-0.7888971,0.5768561,
3.565591,0.5040493,1.396552,0.44155,-0.2004417,0.06536938,-0.7905973,0.5748965,
3.599153,0.5033139,1.390355,0.4426869,-0.1954378,0.07153431,-0.7865729,0.5813691,
3.632231,0.5020391,1.394346,0.4427117,-0.1967189,0.06774987,-0.7857768,0.5824659,
3.66529,0.5004504,1.396401,0.443103,-0.1965909,0.06518441,-0.7856314,0.5829978,
3.698524,0.4973863,1.393941,0.4447145,-0.1920732,0.06628264,-0.7832459,0.5875716,
3.732163,0.4956188,1.39639,0.4451088,-0.1917714,0.06414761,-0.7804523,0.5916106,
3.764996,0.491069,1.399444,0.4465115,-0.1899388,0.05840984,-0.7822769,0.590385,
3.798911,0.4871879,1.396913,0.4483925,-0.1847471,0.05895792,-0.7800637,0.5948892,
3.83146,0.4831212,1.401206,0.4493363,-0.1840204,0.05291728,-0.780515,0.5950906,
3.865637,0.485005,1.396996,0.449221,-0.1829189,0.05761605,-0.7800757,0.5955696,
3.898678,0.4843049,1.395309,0.4497177,-0.1810253,0.05926346,-0.7778715,0.5988603,
3.931762,0.482895,1.397112,0.4500058,-0.1813344,0.05578582,-0.781734,0.594052,
3.964564,0.4834011,1.391393,0.4505693,-0.1780391,0.06109602,-0.7806989,0.5958847,
3.997697,0.4832419,1.386739,0.4511907,-0.1743777,0.06634529,-0.7754528,0.6032112,
4.030928,0.4849572,1.391845,0.4499218,-0.178892,0.06384201,-0.7733066,0.6049123,
4.064096,0.4856187,1.392399,0.4495983,-0.1800524,0.06310988,-0.7755681,0.6017412,
4.097968,0.4866452,1.393677,0.449038,-0.1815166,0.06335381,-0.7733072,0.6041805,
4.130555,0.487844,1.396383,0.4482107,-0.1840744,0.06249734,-0.771208,0.6061757,
4.163789,0.4869968,1.398636,0.4482251,-0.1847469,0.06036163,-0.7705417,0.6070343,
4.197295,0.4878677,1.398124,0.4479594,-0.1850006,0.06176861,-0.7689947,0.6087747,
4.230255,0.4875447,1.39752,0.4481697,-0.1841432,0.06262213,-0.7671516,0.6112677,
4.263489,0.4892174,1.398876,0.4473249,-0.1865863,0.06213438,-0.7684402,0.6089537,
4.297153,0.4895143,1.399265,0.4471524,-0.1868856,0.0626207,-0.766402,0.6113759,
4.329957,0.48791,1.399364,0.4477664,-0.1855427,0.06170519,-0.7659742,0.6124132,
4.36319,0.4855668,1.400432,0.4485181,-0.1843867,0.05902081,-0.767332,0.6113263,
4.396423,0.4845006,1.404704,0.4482835,-0.1864021,0.05450458,-0.7686797,0.6094383,
4.429657,0.4833322,1.398647,0.4496261,-0.1813372,0.0590826,-0.7674637,0.6120666,
4.463289,0.483573,1.406399,0.4483708,-0.1868829,0.052,-0.7705408,0.6071554,
4.496433,0.4832986,1.399522,0.449514,-0.1822508,0.05718985,-0.7713615,0.6070548,
4.529682,0.4817664,1.398324,0.4502608,-0.1801128,0.05743348,-0.7707437,0.6084529,
4.562604,0.4818066,1.401071,0.4498509,-0.1823128,0.05395532,-0.7749668,0.6027249,
4.595823,0.4789343,1.398688,0.4512597,-0.1782217,0.05456509,-0.7737386,0.6054654,
4.629056,0.476571,1.40583,0.4510587,-0.1810943,0.04632641,-0.7771122,0.6009619,
4.662512,0.475138,1.400213,0.4524197,-0.1763863,0.04968113,-0.7784801,0.6003237,
4.695696,0.4694948,1.403907,0.4538586,-0.1740702,0.04290718,-0.7799589,0.5996022,
4.728756,0.4699672,1.403611,0.45374,-0.1743799,0.04303037,-0.7813221,0.5977256,
4.76199,0.4694214,1.397113,0.4548632,-0.1696184,0.04864551,-0.7791826,0.6014464,
4.795223,0.4690714,1.401332,0.4543874,-0.1724222,0.04339546,-0.7847193,0.5938038,
4.828762,0.4665089,1.39763,0.455785,-0.1680332,0.04449555,-0.786332,0.5928466,
4.862132,0.4649453,1.398788,0.456149,-0.1672987,0.04315221,-0.7844912,0.5955859,
4.895262,0.4623273,1.399775,0.456876,-0.1659531,0.03979453,-0.7881399,0.5913641,
4.928474,0.4599649,1.395401,0.4582424,-0.161259,0.04187117,-0.7887163,0.5917508,
4.961433,0.4589286,1.40129,0.4577595,-0.1641854,0.03582779,-0.7908367,0.5885039,
4.994625,0.4563244,1.398107,0.4590338,-0.1602169,0.03601063,-0.7943097,0.5848983,
5.028589,0.4526046,1.392977,0.4608603,-0.1538677,0.03826855,-0.7937523,0.5872118,
5.061266,0.4509714,1.398791,0.4605847,-0.1561304,0.03222704,-0.7948732,0.5854582,
5.094333,0.4493273,1.39942,0.4609894,-0.1550903,0.03094478,-0.7941892,0.5867307,
5.127557,0.4471086,1.397591,0.4618957,-0.1521029,0.03112859,-0.7943895,0.5872317,
5.160789,0.446096,1.396891,0.462285,-0.150818,0.03112791,-0.7943729,0.5875856,
5.194611,0.4420135,1.39684,0.4634566,-0.1473428,0.02887041,-0.7941496,0.5888829,
5.227255,0.442154,1.395943,0.4635363,-0.1466627,0.03088278,-0.789342,0.5953785,
5.261182,0.4456393,1.402718,0.4615995,-0.1536851,0.02795385,-0.7870411,0.5967962,
5.294138,0.4490435,1.403223,0.4605266,-0.1568,0.02978527,-0.7860751,0.5971704,
5.327226,0.4524269,1.405713,0.4591318,-0.1610144,0.03070136,-0.7824271,0.6007825,
5.36034,0.4525324,1.406522,0.4589745,-0.1616847,0.02972459,-0.7838258,0.5988253,
5.394337,0.4524244,1.409041,0.458609,-0.1631452,0.02783176,-0.7829508,0.5996642,
5.426657,0.4520594,1.410122,0.4585453,-0.1635137,0.0267945,-0.782717,0.5999162,
5.45998,0.4513619,1.410356,0.4587191,-0.1630807,0.02618325,-0.7827505,0.6000172,
5.493288,0.4496589,1.410425,0.4592209,-0.1616804,0.02526826,-0.7822182,0.6011287,
5.526355,0.448873,1.41076,0.4594007,-0.1612552,0.02441409,-0.7826553,0.6007091,
5.55995,0.448423,1.410452,0.4595847,-0.1607022,0.02429148,-0.7830645,0.6003289,
5.593083,0.4487309,1.410201,0.4595344,-0.1608216,0.02453519,-0.7836009,0.5995867,
5.626119,0.4489745,1.409563,0.4595655,-0.1606401,0.02508474,-0.7840361,0.5990434,
5.659289,0.4500443,1.408773,0.4593729,-0.1610734,0.02612331,-0.7849202,0.5977234,
5.692522,0.4508625,1.408368,0.4591913,-0.1615568,0.02661078,-0.7861169,0.5959962,
5.726092,0.308,1.407856,0.4803649,-0.07506765,-1.715856E-08,-7.331996E-11,0.9971784,
5.759064,0.3080436,1.407557,0.48041,-0.0747662,4.556348E-06,-0.000522731,0.997201,
5.793024,0.3069878,1.409122,0.4801705,-0.07634195,-0.001200724,-0.002423094,0.9970781,
5.825455,0.3048823,1.411121,0.4798495,-0.07834958,-0.003440144,-0.00397955,0.9969121,
5.858939,0.3028296,1.409,0.4801631,-0.0762009,-0.005503711,-0.00416246,0.9970686,
5.891951,0.3011043,1.412332,0.4796182,-0.07955659,-0.007251546,-0.004180559,0.9967952,
5.925155,0.2995715,1.414261,0.4792804,-0.08147383,-0.009034048,-0.007057141,0.9966096,
5.958387,0.2971047,1.414455,0.4792001,-0.08162861,-0.01169269,-0.009274503,0.9965511,
5.991621,0.294016,1.413227,0.4793235,-0.08040325,-0.01455237,-0.006459848,0.9966353,
6.025391,0.2917746,1.41353,0.4792055,-0.08064744,-0.01704275,-0.00940677,0.9965526,
6.059347,0.2909057,1.412309,0.479374,-0.07941432,-0.01786999,-0.009011794,0.9966408,
6.091322,0.2904436,1.410694,0.4796147,-0.0778238,-0.01813144,-0.006639047,0.9967802,
6.124555,0.289065,1.410494,0.4795952,-0.07761948,-0.01949447,-0.006397221,0.9967719,
6.158298,0.2869172,1.411049,0.4794205,-0.07817087,-0.02165128,-0.006354317,0.9966846,
6.191788,0.284918,1.41107,0.4793278,-0.07815839,-0.02373843,-0.007375002,0.996631,
6.224255,0.2836488,1.411132,0.4792569,-0.07819342,-0.02507741,-0.008193762,0.9965891,
6.257488,0.2817633,1.411865,0.4790435,-0.07891021,-0.02701298,-0.008632433,0.9964783,
6.290847,0.2786849,1.414061,0.4785136,-0.08116077,-0.02998863,-0.006904778,0.9962259,
6.324926,0.2758659,1.416221,0.4779772,-0.08351682,-0.03236809,-0.001244282,0.9959798,
6.357188,0.2716063,1.421881,0.476689,-0.08978334,-0.03535467,0.01344563,0.9952428,
6.390751,0.2736582,1.42815,0.4756602,-0.09651888,-0.0319986,0.0261086,0.994474,
6.423721,0.2767627,1.431323,0.475241,-0.09985647,-0.02806498,0.03344279,0.9940436,
6.456925,0.2897512,1.434137,0.4753244,-0.1023982,-0.01379204,0.04437815,0.9936574,
6.490175,0.3173722,1.432576,0.4758947,-0.09944815,0.01467538,0.05237538,0.993555,
6.523357,0.3362955,1.43225,0.4752328,-0.09800898,0.03407914,0.05657448,0.9929915,
6.557264,0.381054,1.427966,0.4714322,-0.09051935,0.07983738,0.06652232,0.990458,
6.590415,0.4328267,1.422787,0.4617695,-0.08168899,0.1325043,0.07016651,0.9853153,
6.623056,0.46088,1.420044,0.4540289,-0.07715311,0.1613024,0.07022648,0.9813752,
6.656466,0.5194207,1.417025,0.4312427,-0.07105749,0.2229532,0.06776633,0.9698714,
6.689523,0.5490843,1.4155,0.4162001,-0.06855605,0.2551469,0.06478145,0.9622908,
6.72366,0.6066566,1.413169,0.3789085,-0.06641386,0.3204382,0.0546674,0.9433558,
6.756609,0.6597357,1.410129,0.3328907,-0.06673499,0.385559,0.04091696,0.9193566,
6.78971,0.7040972,1.407051,0.2820125,-0.06946568,0.4462757,0.02712049,0.8917831,
6.822817,0.7224425,1.405276,0.2562102,-0.07151391,0.4739995,0.02010754,0.8773859,
6.855691,0.7507311,1.401249,0.2081066,-0.07546241,0.5217268,0.007908036,0.8497318,
6.888925,0.7687422,1.399694,0.1683967,-0.08299009,0.5574191,-0.003339116,0.8260663,
6.922157,0.7738661,1.40103,0.154347,-0.09107811,0.5686455,-0.01129203,0.817447,
6.955391,0.779205,1.406452,0.1362357,-0.1082245,0.5814222,-0.02370008,0.8060237,
6.988823,0.7796378,1.409233,0.1334663,-0.1151328,0.5824759,-0.02807458,0.8041629,
7.021858,0.7763324,1.414659,0.1409087,-0.1234853,0.5743194,-0.03168418,0.8086439,
7.055356,0.7677739,1.420382,0.1619895,-0.129292,0.5543411,-0.03396672,0.8214839,
7.088325,0.7612393,1.42317,0.1769018,-0.1311832,0.5402676,-0.03475083,0.8304784,
7.121557,0.7425754,1.428338,0.2141555,-0.1297185,0.5049927,-0.03026607,0.8527834,
7.155024,0.7155536,1.432885,0.2578881,-0.1278869,0.4601705,-0.02699036,0.878157,
7.188253,0.6985233,1.435049,0.281089,-0.1268757,0.4345268,-0.02540019,0.8913158,
7.221258,0.6575269,1.439089,0.3274323,-0.1243882,0.3782793,-0.02109911,0.9170535,
7.254647,0.6070055,1.442207,0.3715768,-0.1215234,0.3156822,-0.01626779,0.9409103,
7.287722,0.5783232,1.44401,0.391712,-0.1206583,0.2823642,-0.01348641,0.9515935,
7.321687,0.5152922,1.446289,0.4266761,-0.1176357,0.2132738,-0.003764162,0.9698773,
7.354355,0.4460077,1.446907,0.4528822,-0.1145201,0.1414318,0.00922337,0.9832584,
7.387423,0.4085585,1.446501,0.462451,-0.1129819,0.1038467,0.0180646,0.9879902,
7.420655,0.3289792,1.441576,0.4736179,-0.1082352,0.02583158,0.04312622,0.9928535,
7.453888,0.2480104,1.432616,0.47229,-0.1047341,-0.05235245,0.07788689,0.9900625,
7.487122,0.2086725,1.429188,0.4665018,-0.1062289,-0.09062906,0.0940624,0.9857252,
7.52088,0.1325556,1.425493,0.4449817,-0.1146991,-0.1669203,0.1141997,0.9725946,
7.553591,0.05954185,1.422933,0.4104768,-0.1262341,-0.2441068,0.1246052,0.9533889,
7.587067,0.02752763,1.423536,0.3899041,-0.1337346,-0.2796623,0.1268458,0.9422389,
7.620266,-0.02602345,1.425261,0.3464391,-0.1467364,-0.343554,0.1240813,0.9192622,
7.653415,-0.06482384,1.424792,0.3062758,-0.1551432,-0.3945311,0.1203302,0.8976617,
7.686908,-0.0776495,1.42446,0.2908108,-0.158362,-0.4124448,0.1196284,0.8891006,
7.720068,-0.09243503,1.416404,0.2735685,-0.1550563,-0.4340381,0.1218729,0.8790424,
7.752993,-0.09193486,1.40942,0.2761931,-0.149208,-0.4330633,0.1266818,0.879855,
7.786224,-0.08489999,1.406725,0.2863235,-0.14446,-0.4228567,0.128123,0.8853859,
7.819458,-0.05650792,1.408625,0.3197887,-0.1343489,-0.3849178,0.1194979,0.9052674,
7.853147,-0.01116899,1.410165,0.3630633,-0.1213349,-0.3289598,0.1085289,0.9302068,
7.886395,0.01738033,1.411724,0.3851776,-0.1149661,-0.2959818,0.1002802,0.9429324,
7.919318,0.08137448,1.414982,0.4240865,-0.1034385,-0.2263052,0.07896042,0.9653247,
7.952583,0.1496515,1.413552,0.4533726,-0.09145856,-0.1557651,0.05930994,0.9817612,
7.98625,0.1818161,1.413046,0.4631481,-0.08761965,-0.1231858,0.05232186,0.9871224,
8.019297,0.2437249,1.411386,0.4756165,-0.08102816,-0.06178927,0.03512079,0.9941746,
8.052107,0.2951404,1.4145,0.4791453,-0.08202576,-0.01124477,0.02018593,0.9963623,
8.085475,0.3174748,1.418439,0.4785549,-0.08558477,0.01096928,0.01696518,0.9961261,
8.118576,0.3607057,1.43179,0.4733014,-0.09901081,0.0538097,0.007672582,0.9936008,
8.151789,0.3789048,1.438795,0.469508,-0.106602,0.07161035,0.001055744,0.9917192,
8.185212,0.4086108,1.453697,0.460668,-0.1231116,0.1008737,-0.008337785,0.9872176,
8.218623,0.431539,1.468717,0.4511011,-0.1405682,0.1230427,-0.01910262,0.9822099,
8.251849,0.4395147,1.481939,0.4448256,-0.1552055,0.1307122,-0.02291662,0.9789282,
8.284722,0.4392664,1.488581,0.4426877,-0.1621419,0.1304694,-0.02274701,0.9778396,
8.317955,0.4319643,1.501761,0.4400404,-0.1753145,0.1233872,-0.01979663,0.9765493,
8.351189,0.425139,1.509059,0.4390804,-0.1824531,0.1167499,-0.01742426,0.9761028,
8.385391,0.4069611,1.528108,0.4355993,-0.2013626,0.09926631,-0.0110992,0.9744107,
8.41835,0.3840632,1.552282,0.4288654,-0.2265922,0.07609558,-0.00960786,0.9709651,
8.45089,0.3703371,1.566413,0.4237582,-0.2415613,0.0623696,-0.008038403,0.9683458,
8.484285,0.3430161,1.584941,0.4164642,-0.2613651,0.03498748,-0.004849089,0.9645935,
8.517583,0.3178704,1.587034,0.4165451,-0.2633772,0.009346182,-0.003245187,0.9646422,
8.550787,0.3028713,1.573414,0.4243776,-0.2481395,-0.007013217,-0.006709081,0.9686757,
8.583822,0.3000052,1.562905,0.4299366,-0.2365268,-0.01088728,-0.01091718,0.9715027,
8.617503,0.3016187,1.528179,0.4462874,-0.1989448,-0.01155629,-0.02482883,0.979628,
8.650626,0.3072083,1.504854,0.4555375,-0.1743937,-0.00702209,-0.03508278,0.9840258,
8.683803,0.3243327,1.453206,0.4710606,-0.1218895,0.009073073,-0.06025371,0.9906716,
8.716756,0.3471519,1.391267,0.4810475,-0.06175764,0.03374139,-0.09124777,0.9933385,
8.749989,0.3590292,1.356622,0.482828,-0.02910455,0.04821799,-0.1091319,0.9924304,
8.783223,0.38374,1.284794,0.4778736,0.0368022,0.08229208,-0.1451513,0.9852943,
8.816456,0.4037757,1.219791,0.4635048,0.09461138,0.1163782,-0.1828624,0.9716307,
8.84969,0.4171662,1.166818,0.4447662,0.1408923,0.1462297,-0.2163272,0.9549706,
8.882923,0.4220684,1.142479,0.4339845,0.1626357,0.1598911,-0.2289898,0.9463341,
8.916209,0.4271328,1.10056,0.4123557,0.2020956,0.1811124,-0.2447099,0.9308453,
8.949389,0.4284858,1.089365,0.4056726,0.2127952,0.1872048,-0.2486187,0.9262081,
8.982622,0.4278121,1.080728,0.4007335,0.221186,0.1906391,-0.2532315,0.9222838,
9.015856,0.4248915,1.089282,0.4066397,0.2137336,0.1835164,-0.248773,0.9266886,
9.049089,0.4220025,1.100888,0.4139341,0.2032996,0.1753145,-0.2430538,0.932126,
9.08246,0.4139392,1.133701,0.4321581,0.1750952,0.1522618,-0.2190876,0.9477123,
9.115555,0.4068663,1.172054,0.4489491,0.1426532,0.1292322,-0.180719,0.9645153,
9.1495,0.3997614,1.222093,0.4648313,0.09844498,0.107132,-0.1345507,0.9801671,
9.182027,0.3965229,1.252555,0.4714815,0.07070519,0.09756662,-0.1094948,0.9866572,
9.215255,0.3928,1.28631,0.4765395,0.03961852,0.08883058,-0.08327871,0.9917682,
9.249166,0.3821518,1.362652,0.4795811,-0.03190017,0.07349379,-0.02900643,0.9963632,
9.281737,0.3662551,1.443388,0.4701703,-0.1099049,0.06124193,0.02260497,0.9917961,
9.314956,0.3555834,1.481999,0.4609055,-0.1483991,0.0554276,0.047712,0.9862196,
9.348219,0.3318377,1.553506,0.4341171,-0.2230172,0.04632751,0.09442931,0.9691234,
9.381421,0.3093514,1.612596,0.4005167,-0.2893068,0.04224814,0.1336103,0.946924,
9.415004,0.2904535,1.659166,0.3645602,-0.345808,0.0430883,0.1656926,0.9225542,
9.447889,0.282304,1.678007,0.3469843,-0.3702154,0.04422957,0.1782,0.9106202,
9.481122,0.2679002,1.708779,0.3133866,-0.412815,0.04687369,0.1979449,0.8878089,
9.514551,0.2617537,1.722102,0.2965816,-0.4324958,0.04863929,0.2055078,0.8765547,
9.548027,0.2466874,1.743661,0.2645644,-0.4683332,0.04582147,0.214653,0.8558555,
9.580821,0.2255747,1.762733,0.2279404,-0.5068157,0.03460358,0.2195026,0.832922,
9.614647,0.2121141,1.770897,0.2074769,-0.5271055,0.0261308,0.2225474,0.8197254,
9.647288,0.1863618,1.782666,0.1676714,-0.5641539,0.007679698,0.22642,0.7939807,
9.680521,0.1634439,1.789536,0.129799,-0.5967618,-0.008741685,0.2309782,0.7684063,
9.714143,0.14342,1.791172,0.09997985,-0.6207408,-0.02647691,0.2332276,0.748054,
9.746987,0.1353881,1.790479,0.09049004,-0.627849,-0.03627161,0.2320566,0.7420511,
9.78022,0.1285182,1.789611,0.08239982,-0.6334789,-0.04800641,0.2273976,0.7380313,
9.813843,0.1293437,1.78953,0.08429492,-0.6318794,-0.04933104,0.2249613,0.740059,
9.846686,0.1401956,1.789183,0.1032106,-0.6169137,-0.04697708,0.2144538,0.7557911,
9.87992,0.1608281,1.786078,0.137856,-0.5888211,-0.03786372,0.1996378,0.7823048,
9.913154,0.1741647,1.782174,0.1601572,-0.569999,-0.03072405,0.1917658,0.7983628,
9.946449,0.2062022,1.767135,0.2121939,-0.5230554,-0.01480296,0.1709947,0.8348382,
9.97972,0.2392048,1.740662,0.2672092,-0.4677506,0.0004315142,0.1478805,0.8714015,
10.01285,0.2713463,1.702079,0.3213165,-0.4055178,0.01545315,0.1248891,0.9053835,
10.04648,0.2890654,1.679425,0.346043,-0.3733453,0.0238808,0.1096199,0.9208835,
10.07957,0.3187419,1.626752,0.3904682,-0.3070656,0.03524937,0.07386132,0.9481628,
10.11294,0.331903,1.597844,0.4094218,-0.2735528,0.04179744,0.05916945,0.959125,
10.14579,0.3659071,1.537922,0.4383869,-0.209017,0.0626499,0.01543149,0.9757811,
10.17921,0.3960059,1.475383,0.4571497,-0.1469736,0.08514117,-0.02814189,0.9850674,
10.21226,0.4118454,1.443767,0.4623894,-0.1172608,0.09929993,-0.04988733,0.9868641,
10.24549,0.4410012,1.389246,0.4646931,-0.07005066,0.1280618,-0.09921081,0.984302,
10.27949,0.4632055,1.349761,0.4610056,-0.03790465,0.153485,-0.1324478,0.9785005,
10.31196,0.4709753,1.347623,0.4584672,-0.03799996,0.1615204,-0.1391483,0.976271,
10.3457,0.4823384,1.359055,0.4538966,-0.05057994,0.1718867,-0.1351722,0.9744871,
10.37868,0.4853296,1.370666,0.451978,-0.0611434,0.1740216,-0.1260303,0.9747279,
10.41166,0.4837813,1.402019,0.4489657,-0.08971589,0.1702508,-0.1085422,0.9752868,
10.44523,0.4743082,1.434172,0.4465495,-0.1188246,0.159158,-0.09275363,0.9756774,
10.47847,0.4621688,1.459066,0.4446276,-0.1411283,0.1464757,-0.07956959,0.9758568,
10.51158,0.4560288,1.467892,0.4441393,-0.1489991,0.140214,-0.07506816,0.9759632,
10.54472,0.4446325,1.47799,0.444595,-0.1576293,0.128678,-0.06956156,0.9766045,
10.57833,0.4342714,1.482174,0.4462202,-0.1605047,0.1183979,-0.0654913,0.9777173,
10.61159,0.4246295,1.48092,0.4491601,-0.157842,0.1092054,-0.06122109,0.9794959,
10.64429,0.4157659,1.476006,0.4528358,-0.1515062,0.1010447,-0.05660277,0.9816476,
10.678,0.4143272,1.472049,0.4543586,-0.1469784,0.1001934,-0.05359961,0.9825913,
10.71109,0.4176378,1.461816,0.4565166,-0.1358414,0.1050262,-0.0462725,0.9840608,
10.74399,0.4248291,1.456221,0.4562844,-0.1300228,0.1131798,-0.04187287,0.9841397,
10.77722,0.4517821,1.448726,0.4506872,-0.1229426,0.1421194,-0.03483177,0.9815671,
10.81046,0.4915972,1.448262,0.4365628,-0.1246259,0.1841348,-0.03352313,0.9743916,
10.84369,0.538905,1.450793,0.4135602,-0.1312436,0.2349787,-0.03625015,0.9624168,
10.87707,0.5640583,1.452746,0.3984258,-0.1363889,0.2626258,-0.03968165,0.9543853,
10.91016,0.6147916,1.453463,0.3619888,-0.1454743,0.3206999,-0.04836533,0.9346923,
10.94369,0.6654322,1.448525,0.3159943,-0.1511768,0.383603,-0.05717264,0.9092445,
10.97662,0.6889123,1.443783,0.2903566,-0.1531348,0.4149615,-0.06317744,0.8946314,
11.00986,0.7299687,1.430473,0.235883,-0.15567,0.4752724,-0.0774105,0.862491,
11.04363,0.7474363,1.421412,0.2075377,-0.156243,0.5040342,-0.08653208,0.8450148,
11.07632,0.7744477,1.399985,0.153151,-0.1547981,0.5557756,-0.1050817,0.8100055,
11.10956,0.7911028,1.37802,0.1067682,-0.1508696,0.5970512,-0.1213145,0.7784929,
11.14279,0.7962981,1.368407,0.08754423,-0.1485694,0.6135005,-0.127552,0.7650325,
11.17602,0.8021861,1.355257,0.05869582,-0.1455189,0.6372821,-0.1351014,0.7446096,
11.20925,0.8044072,1.351589,0.04287088,-0.1471371,0.6492147,-0.1375935,0.7334433,
11.24258,0.8044883,1.354564,0.04108489,-0.1507732,0.6497558,-0.1367585,0.732381,
11.27572,0.803872,1.358138,0.04498315,-0.1533366,0.6461461,-0.1355786,0.7352561,
11.30935,0.8007045,1.368971,0.06312519,-0.1599057,0.6303213,-0.1326942,0.748009,
11.34239,0.7975109,1.376087,0.07831866,-0.1628246,0.6173893,-0.1302564,0.7585196,
11.37542,0.7862789,1.389881,0.1202153,-0.1618606,0.5827399,-0.1210202,0.7871273,
11.40865,0.7646121,1.40497,0.1765931,-0.1577439,0.5334077,-0.1087184,0.8238771,
11.44189,0.7481772,1.411821,0.2096769,-0.1536765,0.5026994,-0.1014093,0.844626,
11.47568,0.7018601,1.422815,0.2806312,-0.1412341,0.4306062,-0.08254173,0.8875912,
11.50835,0.6356304,1.427444,0.351703,-0.1231327,0.3451599,-0.05766132,0.9286432,
11.54159,0.5951681,1.427009,0.3843676,-0.1127508,0.2981939,-0.04275719,0.9468577,
11.57524,0.5038719,1.421925,0.4373608,-0.09343796,0.1997712,-0.01104544,0.9753148,
11.60849,0.4005536,1.40882,0.4714742,-0.07424484,0.09493953,0.02248891,0.9924558,
11.64129,0.347227,1.400008,0.4799344,-0.0656262,0.04193816,0.0388861,0.996204,
11.67454,0.241347,1.377141,0.4795676,-0.04888757,-0.06357982,0.07027731,0.9942982,
11.70775,0.143266,1.349019,0.4578115,-0.03247958,-0.1647226,0.09620495,0.9810995,
11.74098,0.09786575,1.334734,0.4396966,-0.0249406,-0.213732,0.1051833,0.970893,
11.77422,0.0204635,1.305827,0.3941475,-0.008832226,-0.302943,0.1172685,0.945725,
11.80776,-0.04096839,1.283566,0.340651,0.005240288,-0.3812106,0.1170698,0.9170309,
11.84099,-0.06425327,1.276527,0.3149959,0.0107651,-0.4133863,0.1130842,0.9034422,
11.87392,-0.09789848,1.27307,0.2717532,0.01773294,-0.4625282,0.09578364,0.8812371,
11.90765,-0.116844,1.27663,0.2435462,0.02009173,-0.4919859,0.07917928,0.8667623,
11.94069,-0.1219481,1.279397,0.2355423,0.02051188,-0.500037,0.07180667,0.8627782,
11.97362,-0.1248361,1.285373,0.2317328,0.01800609,-0.5039275,0.06373848,0.8612028,
12.00685,-0.1226791,1.288417,0.2360557,0.01489328,-0.4997224,0.06347325,0.8637285,
12.04008,-0.1110991,1.293757,0.2558444,0.006929479,-0.4796953,0.06917196,0.8746769,
12.0737,-0.08909392,1.30198,0.2882485,-0.003011714,-0.4446824,0.07580275,0.8924699,
12.10655,-0.05554625,1.315518,0.3288243,-0.01587863,-0.3961358,0.08078866,0.914493,
12.1398,-0.03425771,1.324167,0.3503922,-0.0229634,-0.367533,0.08189747,0.9261128,
12.17387,0.0170494,1.344825,0.3924578,-0.03807478,-0.3034675,0.08006316,0.9487084,
12.20625,0.07671262,1.368751,0.4278462,-0.05470197,-0.2348649,0.07317259,0.9677252,
12.23976,0.108045,1.381518,0.4417017,-0.06378933,-0.2005724,0.06825449,0.9752144,
12.27316,0.173837,1.408026,0.4617851,-0.08337754,-0.1313892,0.05486736,0.9862934,
12.30622,0.2397778,1.431403,0.4714509,-0.1019283,-0.06449582,0.04173405,0.9918212,
12.33929,0.2715533,1.440958,0.4728435,-0.1099097,-0.03280811,0.03526174,0.992774,
12.37242,0.3261698,1.452401,0.4711941,-0.1197237,0.02172797,0.02829805,0.992166,
12.40604,0.3712433,1.451326,0.4676629,-0.1171524,0.06791502,0.03419574,0.9901987,
12.43916,0.3911588,1.448639,0.4652831,-0.1134433,0.08858638,0.03910934,0.9888142,
12.47282,0.4222447,1.446158,0.4594378,-0.1098353,0.1204095,0.04055502,0.9857957,
12.50592,0.442112,1.448233,0.4536914,-0.1115667,0.1409307,0.03953977,0.9829181,
12.53893,0.4484571,1.450985,0.4511359,-0.114527,0.1474708,0.03766505,0.9816911,
12.57182,0.4540737,1.460385,0.4469074,-0.1251528,0.1530667,0.0311267,0.9797645,
12.60564,0.453006,1.465875,0.4456927,-0.1314849,0.1517201,0.02713541,0.9792632,
12.63829,0.4427531,1.475906,0.4458039,-0.1429439,0.1405816,0.02059295,0.9794794,
12.67163,0.4208259,1.481283,0.4499855,-0.1485746,0.118068,0.02066881,0.9816101,
12.70475,0.3859447,1.478374,0.4580075,-0.1447782,0.08385552,0.03235533,0.9853734,
12.73798,0.3648778,1.474066,0.4623038,-0.1401255,0.06372652,0.04302879,0.9871435,
12.7716,0.3158778,1.463767,0.4685329,-0.131004,0.01746584,0.07167366,0.9886333,
12.80488,0.260437,1.4519,0.4693223,-0.1241986,-0.03538921,0.1019004,0.9863765,
12.83784,0.2314036,1.445984,0.4670067,-0.1224543,-0.06323115,0.1176957,0.9834402,
12.87154,0.1707058,1.430958,0.4566957,-0.1195092,-0.1225636,0.1502097,0.9737211,
12.90471,0.1403594,1.422212,0.4485341,-0.1186702,-0.1529158,0.166872,0.9667926,
12.93738,0.08069547,1.403052,0.4258015,-0.1180137,-0.2151076,0.1952918,0.9495592,
12.97062,0.02762625,1.380978,0.3972039,-0.1160996,-0.2744393,0.2183004,0.9292734,
13.00385,0.00426355,1.36865,0.381567,-0.11445,-0.3022155,0.2297035,0.9180433,
13.03709,-0.02923545,1.347906,0.3548496,-0.110394,-0.3449109,0.2446627,0.8994386,
13.07059,-0.04590845,1.331674,0.3391955,-0.1015214,-0.3694562,0.2480793,0.8897485,
13.10355,-0.05068591,1.325251,0.3342591,-0.0950423,-0.3777669,0.243952,0.8881141,
13.13679,-0.04995602,1.324171,0.3349836,-0.09217478,-0.3775185,0.2405549,0.8894475,
13.17006,-0.04270744,1.323047,0.3422376,-0.08637837,-0.3691899,0.2362796,0.8946561,
13.204,-0.03711843,1.322417,0.3476369,-0.08335748,-0.3625115,0.2356445,0.8978356,
13.23649,-0.02207857,1.322156,0.3614072,-0.07728443,-0.3444124,0.2347236,0.9057108,
13.26998,-0.0008977354,1.324634,0.3790804,-0.07186175,-0.3189914,0.2325727,0.9159642,
13.30295,0.01276237,1.328078,0.3894979,-0.07049661,-0.3025432,0.2311072,0.9220018,
13.33717,0.0459936,1.336122,0.4118437,-0.06696977,-0.2639532,0.2255018,0.9354105,
13.36976,0.08716851,1.34714,0.4343676,-0.06423479,-0.2179594,0.2150407,0.9498026,
13.40266,0.1105424,1.353049,0.444921,-0.06290136,-0.1926717,0.208318,0.9568306,
13.4361,0.1616077,1.365592,0.462977,-0.06074905,-0.1390416,0.1894428,0.9700971,
13.46912,0.2168283,1.378172,0.4755377,-0.06002699,-0.0828191,0.1655153,0.9808886,
13.50332,0.245483,1.383984,0.4794493,-0.06017692,-0.05412403,0.1530559,0.9848976,
13.53559,0.3034973,1.395078,0.4821109,-0.06227359,0.003337919,0.1253779,0.9901471,
13.56889,0.3606463,1.406199,0.4778031,-0.06817488,0.05957465,0.09413975,0.9914337,
13.60205,0.3890756,1.411357,0.473121,-0.0721207,0.08762201,0.07909016,0.9903867,
13.63529,0.4461246,1.418935,0.4587967,-0.07969341,0.1444031,0.05152638,0.9849578,
13.66889,0.502467,1.42168,0.438016,-0.08497126,0.2019007,0.02876801,0.9752889,
13.702,0.5297084,1.42088,0.425457,-0.0859957,0.2305379,0.01971706,0.9690554,
13.73533,0.5823352,1.415491,0.3957993,-0.08523922,0.2879844,0.004124137,0.9538251,
13.76822,0.6316332,1.405278,0.3602158,-0.08006573,0.345505,-0.007468429,0.9349653,
13.80204,0.6549278,1.398759,0.3400011,-0.0756751,0.3745292,-0.0111309,0.9240548,
13.83495,0.6975185,1.382968,0.295481,-0.06432089,0.4317196,-0.01827564,0.899526,
13.86807,0.7315817,1.366025,0.2496057,-0.05062165,0.4835615,-0.02315182,0.8735387,
13.90141,0.7425694,1.360818,0.2317143,-0.04614252,0.5021519,-0.02392325,0.8632161,
13.93439,0.7547737,1.360042,0.2088497,-0.04748422,0.5243048,-0.02538761,0.8498266,
13.96762,0.7587778,1.37008,0.1991303,-0.05742969,0.5325144,-0.02141186,0.844199,
14.00106,0.7578818,1.3772,0.199665,-0.06286998,0.5313966,-0.01674977,0.8446209,
14.03409,0.7518536,1.392449,0.2083958,-0.0741952,0.5216314,-0.006921943,0.8499105,
14.06781,0.7470034,1.399047,0.21603,-0.07831947,0.5136498,-0.001694895,0.8544163,
14.10086,0.7409173,1.405085,0.2255546,-0.08102433,0.5038655,0.004776986,0.8599604,
14.13393,0.721143,1.415485,0.255275,-0.08386107,0.4729613,0.01892211,0.8768791,
14.16702,0.715209,1.416474,0.2638722,-0.08347718,0.4638527,0.02128006,0.8817139,
14.20025,0.7037577,1.416795,0.2798609,-0.08322819,0.4463319,0.02164648,0.8907257,
14.23348,0.6937442,1.424015,0.2908241,-0.09171735,0.4321618,0.02025656,0.8968912,
14.26737,0.6847193,1.439528,0.2970215,-0.1078681,0.4211211,0.02235726,0.9002898,
14.30037,0.6808555,1.449797,0.2979892,-0.1176429,0.4173379,0.02595548,0.9007306,
14.33318,0.6752722,1.475861,0.2937369,-0.141556,0.4150001,0.03795615,0.89794,
14.36642,0.6728995,1.490595,0.2893353,-0.1549987,0.4154998,0.04536415,0.895141,
14.39965,0.6659893,1.525852,0.2769494,-0.1880554,0.4167562,0.06242821,0.8871596,
14.43288,0.652015,1.565157,0.2648494,-0.225467,0.4126927,0.08250172,0.8786597,
14.46626,0.641175,1.585608,0.2601962,-0.2446007,0.4073994,0.09485018,0.8747569,
14.49938,0.6110982,1.62614,0.2547017,-0.2826312,0.3891246,0.1227976,0.8681144,
14.53335,0.5714177,1.662195,0.2547776,-0.3160393,0.3624108,0.1559264,0.8628236,
14.56596,0.5218548,1.692517,0.259886,-0.3454332,0.3267872,0.1928811,0.8583024,
14.59907,0.4931318,1.703938,0.2655193,-0.3571752,0.3048058,0.2128968,0.8568514,
14.63229,0.4331243,1.716611,0.2812732,-0.3723632,0.2570455,0.2540649,0.8548241,
14.66588,0.4049804,1.717986,0.2899415,-0.3758543,0.2340772,0.2737244,0.8538246,
14.69902,0.3550327,1.711386,0.3094378,-0.3758848,0.1878106,0.3023638,0.8555781,
14.73206,0.3190957,1.697027,0.3285806,-0.3674686,0.1496204,0.3200908,0.8603038,
14.76522,0.307407,1.689345,0.3367392,-0.3620625,0.1348019,0.3232642,0.8638515,
14.79845,0.2995627,1.674497,0.3511142,-0.3475266,0.1187897,0.3224845,0.8724208,
14.83169,0.3099909,1.664999,0.3598621,-0.3343031,0.1199137,0.3103401,0.8817886,
14.86492,0.3359712,1.656994,0.365797,-0.3195343,0.1345392,0.2882797,0.892576,
14.89815,0.3552398,1.652341,0.3678242,-0.3102416,0.1480742,0.2761177,0.8975429,
14.93151,0.4011194,1.640803,0.3688656,-0.2912051,0.1798165,0.2410156,0.9081724,
14.96552,0.4251568,1.632279,0.3690223,-0.2800633,0.1963218,0.2217838,0.9131452,
14.99862,0.4776196,1.607875,0.3676713,-0.2519507,0.2341999,0.1828795,0.9209921,
15.03164,0.5263196,1.576183,0.3644161,-0.221481,0.269314,0.140963,0.9265774,
15.06437,0.5495664,1.556748,0.3622744,-0.2034749,0.2869208,0.1216021,0.9281634,
15.09788,0.5716281,1.537163,0.3585827,-0.186227,0.3045272,0.1026424,0.9284651,
15.13097,0.6293716,1.470744,0.3434168,-0.1274566,0.3554406,0.05610046,0.9242671,
15.16426,0.6439523,1.446445,0.3385142,-0.1047944,0.3694644,0.0454826,0.9221961,
15.19727,0.6653663,1.396994,0.3297936,-0.05603847,0.3912366,0.03207719,0.9180222,
15.23048,0.6731012,1.372519,0.3253219,-0.03148972,0.399608,0.02673287,0.915755,
15.26372,0.6825881,1.323325,0.3170441,0.0191096,0.410598,0.01885493,0.9114212,
15.29712,0.6829486,1.279817,0.3124739,0.06297123,0.4117776,0.009863516,0.9090526,
15.33044,0.6765771,1.240976,0.3110884,0.09907292,0.4063202,-0.005003842,0.90833,
15.36384,0.6715828,1.224505,0.3116324,0.1136975,0.4017966,-0.01292897,0.9085512,
15.39681,0.661516,1.201041,0.3140446,0.1310709,0.3934156,-0.03244567,0.909391,
15.42995,0.6499568,1.181524,0.3178444,0.1449643,0.3835896,-0.05074452,0.9106423,
15.46348,0.6438682,1.173172,0.3201373,0.1505411,0.3784178,-0.05980601,0.911351,
15.49635,0.6321135,1.158079,0.3241616,0.1610311,0.3686562,-0.07595987,0.9123551,
15.52968,0.6266416,1.152019,0.3261665,0.1658314,0.3637766,-0.08130952,0.9129925,
15.56282,0.617487,1.144697,0.3306156,0.1724322,0.3544737,-0.08612752,0.9149851,
15.59605,0.6152951,1.146974,0.3337992,0.1700624,0.351112,-0.08578432,0.9167553,
15.62998,0.6168457,1.152103,0.3351285,0.1652871,0.3514992,-0.08309642,0.9177274,
15.66295,0.6246653,1.170141,0.3369985,0.1489117,0.3561275,-0.07277434,0.9196209,
15.69624,0.6375185,1.194253,0.3355239,0.127481,0.3663669,-0.05864573,0.9198286,
15.72898,0.6510903,1.219978,0.3317097,0.1049379,0.3785213,-0.04392957,0.9185749,
15.76222,0.6574813,1.232297,0.3291061,0.09416623,0.3847423,-0.03719174,0.9174545,
15.79545,0.6689035,1.256557,0.3234985,0.07261213,0.396521,-0.02526175,0.9148008,
15.82883,0.6735253,1.268133,0.3209381,0.06225198,0.4014806,-0.01992053,0.9135323,
15.86192,0.6790857,1.289265,0.3182389,0.04266211,0.4073587,-0.01183047,0.9121946,
15.89515,0.6804118,1.308665,0.3187421,0.02378525,0.4082795,-0.006442491,0.9125243,
15.9288,0.679833,1.316931,0.3198892,0.01552598,0.407271,-0.004642589,0.9131636,
15.96162,0.676765,1.329375,0.3236377,0.002169511,0.4029362,-0.004069346,0.9152165,
15.99501,0.6727474,1.334144,0.3279912,-0.005207465,0.397469,-0.00914303,0.9175553,
16.02818,0.6706413,1.332766,0.3302256,-0.005404197,0.3946457,-0.01317248,0.9187231,
16.06205,0.6650937,1.323921,0.3358595,0.0007564012,0.3874789,-0.0216323,0.9216244,
16.09456,0.661864,1.317665,0.3389095,0.005756079,0.3834806,-0.02613165,0.9231613,
16.1281,0.6553875,1.306478,0.3446342,0.01528109,0.3756758,-0.0329295,0.9260398,
16.16129,0.6496142,1.302106,0.349793,0.01938752,0.3685528,-0.03496867,0.9287466,
16.19514,0.6450512,1.304257,0.3541988,0.01739308,0.3626274,-0.03460133,0.9311293,
16.22748,0.642835,1.306593,0.3563893,0.01543233,0.359684,-0.03341396,0.932348,
16.26082,0.6384639,1.312541,0.3606666,0.01135323,0.3538425,-0.0278261,0.9348221,
16.29395,0.6339367,1.318974,0.3649044,0.006724535,0.347923,-0.0221975,0.9372362,
16.32718,0.6320713,1.322315,0.3666096,0.004120698,0.3455046,-0.01973669,0.9382005,
16.36041,0.6292924,1.329119,0.3690876,-0.001481759,0.3419213,-0.01542198,0.9396009,
16.39422,0.6269872,1.334647,0.3710252,-0.005976432,0.3390266,-0.01172453,0.9406847,
16.42688,0.6258268,1.336565,0.3719707,-0.007394179,0.3376013,-0.01005369,0.9412065,
16.46046,0.622647,1.340701,0.3745074,-0.01049433,0.3337401,-0.006564624,0.9425839,
16.4934,0.6191062,1.344161,0.377265,-0.01289347,0.3294977,-0.003068084,0.9440634,
16.52684,0.6166514,1.345413,0.3791669,-0.01360999,0.3265698,-0.001375194,0.9450741,
16.56083,0.6108017,1.348035,0.3835991,-0.01543483,0.3196289,0.001289772,0.9474162,
16.59305,0.6051742,1.349231,0.3877761,-0.0156787,0.3130144,0.004287168,0.9496093,
16.6268,0.6025347,1.349757,0.3896936,-0.01573026,0.3099338,0.005820231,0.9506102,
16.65951,0.5985358,1.349791,0.3925797,-0.01502241,0.305278,0.008150131,0.9521099,
16.69326,0.5973592,1.349465,0.3934312,-0.01432302,0.3039139,0.009282931,0.9525467,
16.72632,0.596059,1.348813,0.3943773,-0.01347591,0.3023923,0.009821549,0.9530377,
16.75921,0.5962621,1.347824,0.394271,-0.01252134,0.302609,0.009555621,0.9529847,
16.79294,0.5960037,1.347204,0.3944754,-0.01180301,0.3023,0.009774702,0.9530897,
16.82579,0.5945085,1.347443,0.3955171,-0.01148393,0.3005844,0.01161702,0.9536154,
16.85895,0.5844752,1.345135,0.4024304,-0.006779696,0.2890047,0.01953711,0.9571043,
16.89215,0.577417,1.341236,0.4071254,-0.0009721624,0.2808445,0.02600431,0.9594005,
16.92538,0.5650627,1.333053,0.4148575,0.01116015,0.2664919,0.04052524,0.9629202,
16.95932,0.5505128,1.32418,0.423161,0.02069217,0.2498216,0.04479047,0.967034,
16.99185,0.543248,1.320346,0.4270196,0.02447525,0.2416224,0.04578331,0.9689806,
17.02508,0.5289509,1.311458,0.4340141,0.03331162,0.2255576,0.04811436,0.9724706,
17.05849,0.5140062,1.30103,0.440466,0.04376198,0.2088514,0.05135135,0.9756173,
17.09155,0.5072467,1.295843,0.4430778,0.04884965,0.2013353,0.05247004,0.9768955,
17.12568,0.4943278,1.284756,0.4474699,0.05963511,0.1870127,0.05422972,0.979045,
17.15801,0.4824903,1.274143,0.4508537,0.06947714,0.1741241,0.05333791,0.9808205,
17.19149,0.4775673,1.268807,0.451968,0.07456455,0.168737,0.05324129,0.9813936,
17.22448,0.4669826,1.250753,0.4528618,0.09187599,0.1571528,0.05073676,0.9819815,
17.25771,0.4651306,1.24382,0.4522155,0.09883821,0.1549693,0.05062536,0.9816581,
17.29154,0.4621276,1.230766,0.4505351,0.111642,0.1516605,0.04799901,0.9809339,
17.32458,0.46132,1.219308,0.4481332,0.1229001,0.150872,0.0446327,0.9798679,
17.35741,0.4614212,1.214534,0.4468989,0.1276493,0.1510191,0.04331101,0.9792972,
17.39065,0.4606199,1.207066,0.4451817,0.1349877,0.1503216,0.04094347,0.9785221,
17.42388,0.4598314,1.200405,0.443565,0.1414199,0.1497844,0.03797119,0.9778155,
17.45755,0.4593073,1.198006,0.4430369,0.1438261,0.1492556,0.03755062,0.9775617,
17.49083,0.4578686,1.194997,0.4426122,0.1469674,0.1476088,0.03815377,0.9773211,
17.52371,0.4566891,1.193159,0.4424384,0.1488909,0.1462638,0.03867515,0.9772117,
17.55687,0.4567649,1.19176,0.4419829,0.1503949,0.1462821,0.03890923,0.9769693,
17.59005,0.4594904,1.190546,0.440706,0.1516534,0.1493158,0.03760861,0.9763665,
17.62364,0.464405,1.192449,0.4396331,0.1491861,0.1552751,0.03255478,0.9759986,
17.65651,0.4676419,1.193447,0.4388128,0.147753,0.1592364,0.02894142,0.9756922,
17.68975,0.4751725,1.193775,0.4361886,0.1467095,0.1681895,0.02227664,0.9745216,
17.72298,0.4836281,1.191181,0.4321415,0.1484034,0.1784234,0.0141118,0.9725957,
17.75621,0.4875378,1.189187,0.4299416,0.1499261,0.1832501,0.01005565,0.9715145,
17.7896,0.4941155,1.184799,0.42577,0.1535284,0.1914655,0.003299326,0.9694118,
17.82282,0.4985095,1.179977,0.4222227,0.1575019,0.1974094,-0.003174742,0.9675808,
17.85616,0.4999518,1.177702,0.4207838,0.1594996,0.1994394,-0.005464626,0.9668267,
17.88915,0.5015339,1.17388,0.4186956,0.162794,0.2019964,-0.009442071,0.9657155,
17.92282,0.5012323,1.172438,0.4182974,0.1642358,0.2018148,-0.009869856,0.9655051,
17.95591,0.5005947,1.173257,0.4188851,0.1633653,0.2010639,-0.009762442,0.9658105,
17.98952,0.4993723,1.174009,0.4197034,0.1622771,0.1999069,-0.01098099,0.9662209,
18.02208,0.4978055,1.174403,0.4205353,0.1619292,0.1981002,-0.01043353,0.9666573,
18.05544,0.4974823,1.175373,0.4210291,0.1611147,0.197517,-0.009320363,0.9669241,
18.08943,0.4968079,1.176992,0.421905,0.1592739,0.1967913,-0.009810416,0.9673721,
18.12178,0.4962931,1.178054,0.422506,0.1582281,0.1961069,-0.009334818,0.9676874,
18.15502,0.4961932,1.178419,0.4226784,0.1579211,0.1959147,-0.008923586,0.9677804,
18.18858,0.4957496,1.178793,0.4230016,0.157692,0.1952731,-0.008028897,0.9679552,
18.22148,0.4952141,1.178991,0.423301,0.1575681,0.1946056,-0.007528161,0.9681138,
18.25471,0.4951376,1.179478,0.4235048,0.1570105,0.1945324,-0.007720049,0.9682176,
18.28795,0.4952811,1.179997,0.4236253,0.1567224,0.1944552,-0.006430266,0.9682892,
18.32118,0.4958061,1.180379,0.4235335,0.1563252,0.1950101,-0.006465761,0.9682416,
18.35441,0.4960196,1.180665,0.4235416,0.1559436,0.1952946,-0.0068807,0.9682429,
18.38827,0.4967303,1.181137,0.4233996,0.1552104,0.19624,-0.008126748,0.9681599,
18.42108,0.4972093,1.181978,0.4234841,0.1540592,0.1969307,-0.009459418,0.9681914,
18.45437,0.4975646,1.18239,0.4234723,0.1534383,0.1974445,-0.01040412,0.9681756,
18.48735,0.4980859,1.183152,0.4235076,0.1523268,0.1982145,-0.01195211,0.9681761,
18.52058,0.4982148,1.183886,0.4237023,0.1513602,0.1984636,-0.0128863,0.9682646,
18.55381,0.4983056,1.183877,0.42366,0.1514187,0.1985257,-0.01265406,0.9682457,
18.58717,0.4982709,1.183668,0.4236037,0.1515417,0.1985733,-0.01313044,0.9682104,
18.62029,0.4980868,1.183677,0.4236867,0.1514735,0.1984164,-0.01340028,0.9682496,
18.65351,0.4974716,1.184119,0.4241037,0.1509606,0.1977554,-0.01356032,0.9684626,
18.68675,0.4969761,1.183992,0.4242746,0.1513564,0.1970194,-0.01222728,0.9685686,
18.71998,0.496795,1.183594,0.4242173,0.1518692,0.19677,-0.01175713,0.9685448,
18.75322,0.4965975,1.183639,0.4243177,0.1516607,0.1966757,-0.01252777,0.968587,
18.78645,0.4963609,1.183392,0.4243351,0.1515925,0.196684,-0.01413068,0.9685739,
